t,i
4.0,30
5.0,376
5.0,631
6.0,74
6.0,384
6.0,766
7.0,167
7.0,448
7.0,469
7.0,494
7.0,528
8.0,96
8.0,198
8.0,659
8.0,669
8.0,714
8.0,784
8.0,891
9.0,524
10.0,243
10.0,574
10.0,787
10.0,794
11.0,163
11.0,321
11.0,397
11.0,469
11.0,691
11.0,989
12.0,44
12.0,233
12.0,247
12.0,272
12.0,348
12.0,442
12.0,448
12.0,769
12.0,893
12.0,937
13.0,277
13.0,329
13.0,456
13.0,464
13.0,584
13.0,594
14.0,82
14.0,130
14.0,153
14.0,270
14.0,397
14.0,487
14.0,538
14.0,574
14.0,630
14.0,850
15.0,22
15.0,57
15.0,182
15.0,186
15.0,280
15.0,282
15.0,382
15.0,401
15.0,451
15.0,469
15.0,500
15.0,627
15.0,656
15.0,704
15.0,761
15.0,940
15.0,949
16.0,78
16.0,122
16.0,159
16.0,227
16.0,283
16.0,301
16.0,332
16.0,481
16.0,501
16.0,525
16.0,633
16.0,690
16.0,720
16.0,769
16.0,812
16.0,888
16.0,911
16.0,935
16.0,939
16.0,996
17.0,43
17.0,173
17.0,218
17.0,310
17.0,349
17.0,396
17.0,487
17.0,665
17.0,677
17.0,678
17.0,686
17.0,800
17.0,836
17.0,843
17.0,984
18.0,24
18.0,25
18.0,51
18.0,176
18.0,325
18.0,393
18.0,431
18.0,464
18.0,523
18.0,552
18.0,560
18.0,597
18.0,731
18.0,786
18.0,919
19.0,5
19.0,68
19.0,73
19.0,113
19.0,116
19.0,196
19.0,234
19.0,240
19.0,252
19.0,265
19.0,275
19.0,372
19.0,403
19.0,406
19.0,412
19.0,502
19.0,551
19.0,622
19.0,756
19.0,813
19.0,881
19.0,885
19.0,908
19.0,918
20.0,85
20.0,127
20.0,180
20.0,199
20.0,284
20.0,291
20.0,360
20.0,474
20.0,499
20.0,507
20.0,644
20.0,650
20.0,719
20.0,742
20.0,797
20.0,855
20.0,892
20.0,958
21.0,46
21.0,129
21.0,145
21.0,151
21.0,195
21.0,239
21.0,349
21.0,379
21.0,445
21.0,510
21.0,566
21.0,582
21.0,585
21.0,615
21.0,684
21.0,750
21.0,772
21.0,806
21.0,807
21.0,821
21.0,839
21.0,847
21.0,922
21.0,936
21.0,960
21.0,963
22.0,4
22.0,9
22.0,56
22.0,200
22.0,335
22.0,343
22.0,359
22.0,431
22.0,432
22.0,476
22.0,478
22.0,493
22.0,496
22.0,603
22.0,670
22.0,685
22.0,752
22.0,802
22.0,825
22.0,853
22.0,856
22.0,878
22.0,880
22.0,993
23.0,54
23.0,63
23.0,123
23.0,192
23.0,194
23.0,213
23.0,224
23.0,242
23.0,285
23.0,287
23.0,290
23.0,344
23.0,346
23.0,363
23.0,383
23.0,388
23.0,418
23.0,419
23.0,428
23.0,459
23.0,593
23.0,595
23.0,602
23.0,729
23.0,741
23.0,743
23.0,756
23.0,765
23.0,817
23.0,830
23.0,837
23.0,842
23.0,865
23.0,907
23.0,938
23.0,941
24.0,18
24.0,24
24.0,47
24.0,90
24.0,156
24.0,187
24.0,207
24.0,306
24.0,406
24.0,492
24.0,517
24.0,599
24.0,618
24.0,621
24.0,634
24.0,638
24.0,710
24.0,755
24.0,834
24.0,967
24.0,992
25.0,17
25.0,69
25.0,88
25.0,101
25.0,103
25.0,112
25.0,114
25.0,115
25.0,177
25.0,212
25.0,222
25.0,230
25.0,343
25.0,347
25.0,368
25.0,405
25.0,503
25.0,672
25.0,712
25.0,715
25.0,723
25.0,959
26.0,21
26.0,32
26.0,41
26.0,52
26.0,89
26.0,188
26.0,208
26.0,217
26.0,378
26.0,398
26.0,410
26.0,411
26.0,423
26.0,465
26.0,466
26.0,480
26.0,531
26.0,558
26.0,576
26.0,596
26.0,666
26.0,727
26.0,770
26.0,797
26.0,883
26.0,914
26.0,926
26.0,931
26.0,974
26.0,980
27.0,14
27.0,29
27.0,59
27.0,118
27.0,121
27.0,143
27.0,144
27.0,155
27.0,158
27.0,192
27.0,215
27.0,256
27.0,286
27.0,328
27.0,340
27.0,343
27.0,385
27.0,450
27.0,548
27.0,703
27.0,726
27.0,741
27.0,746
27.0,748
27.0,779
27.0,815
27.0,876
27.0,920
27.0,953
27.0,973
27.0,977
28.0,33
28.0,184
28.0,253
28.0,269
28.0,316
28.0,331
28.0,336
28.0,337
28.0,404
28.0,417
28.0,454
28.0,470
28.0,472
28.0,486
28.0,521
28.0,554
28.0,568
28.0,573
28.0,580
28.0,583
28.0,607
28.0,634
28.0,649
28.0,733
28.0,801
28.0,822
28.0,862
28.0,866
28.0,869
28.0,913
29.0,26
29.0,69
29.0,107
29.0,137
29.0,142
29.0,150
29.0,165
29.0,185
29.0,257
29.0,299
29.0,309
29.0,364
29.0,392
29.0,477
29.0,483
29.0,518
29.0,522
29.0,588
29.0,590
29.0,595
29.0,623
29.0,626
29.0,640
29.0,655
29.0,660
29.0,702
29.0,734
29.0,777
29.0,809
29.0,827
29.0,861
29.0,864
29.0,902
29.0,904
29.0,943
29.0,972
30.0,6
30.0,8
30.0,16
30.0,21
30.0,27
30.0,28
30.0,42
30.0,100
30.0,120
30.0,146
30.0,157
30.0,160
30.0,175
30.0,191
30.0,201
30.0,231
30.0,264
30.0,276
30.0,302
30.0,320
30.0,323
30.0,334
30.0,389
30.0,424
30.0,425
30.0,426
30.0,429
30.0,447
30.0,463
30.0,516
30.0,535
30.0,546
30.0,550
30.0,617
30.0,637
30.0,658
30.0,666
30.0,793
30.0,798
30.0,863
30.0,871
30.0,906
30.0,930
30.0,947
30.0,950
30.0,985
30.0,999
31.0,10
31.0,15
31.0,17
31.0,38
31.0,62
31.0,84
31.0,104
31.0,131
31.0,136
31.0,138
31.0,140
31.0,154
31.0,174
31.0,179
31.0,190
31.0,197
31.0,221
31.0,223
31.0,228
31.0,235
31.0,305
31.0,333
31.0,356
31.0,358
31.0,439
31.0,449
31.0,460
31.0,471
31.0,473
31.0,480
31.0,511
31.0,513
31.0,529
31.0,557
31.0,558
31.0,567
31.0,569
31.0,605
31.0,610
31.0,635
31.0,646
31.0,652
31.0,657
31.0,668
31.0,708
31.0,732
31.0,799
31.0,804
31.0,808
31.0,816
31.0,844
31.0,845
31.0,859
31.0,872
31.0,915
31.0,917
31.0,925
31.0,928
31.0,952
31.0,955
31.0,979
31.0,988
32.0,11
32.0,19
32.0,34
32.0,53
32.0,71
32.0,91
32.0,99
32.0,111
32.0,171
32.0,215
32.0,219
32.0,237
32.0,241
32.0,251
32.0,258
32.0,300
32.0,318
32.0,326
32.0,350
32.0,361
32.0,371
32.0,377
32.0,407
32.0,430
32.0,435
32.0,455
32.0,475
32.0,484
32.0,497
32.0,504
32.0,506
32.0,509
32.0,532
32.0,536
32.0,541
32.0,555
32.0,612
32.0,629
32.0,645
32.0,663
32.0,671
32.0,683
32.0,689
32.0,705
32.0,706
32.0,722
32.0,730
32.0,751
32.0,760
32.0,762
32.0,764
32.0,773
32.0,824
32.0,829
32.0,840
32.0,858
32.0,873
32.0,893
32.0,896
32.0,899
32.0,916
32.0,976
32.0,986
32.0,987
32.0,996
33.0,6
33.0,20
33.0,23
33.0,37
33.0,64
33.0,97
33.0,106
33.0,108
33.0,134
33.0,164
33.0,170
33.0,192
33.0,211
33.0,238
33.0,244
33.0,246
33.0,289
33.0,295
33.0,303
33.0,362
33.0,374
33.0,390
33.0,413
33.0,436
33.0,441
33.0,444
33.0,467
33.0,490
33.0,498
33.0,543
33.0,581
33.0,600
33.0,642
33.0,648
33.0,684
33.0,771
33.0,778
33.0,788
33.0,820
33.0,833
33.0,838
33.0,849
33.0,852
33.0,877
33.0,882
33.0,889
33.0,909
33.0,910
33.0,923
33.0,956
33.0,983
34.0,0
34.0,36
34.0,39
34.0,50
34.0,70
34.0,93
34.0,105
34.0,126
34.0,135
34.0,141
34.0,178
34.0,193
34.0,197
34.0,205
34.0,209
34.0,330
34.0,355
34.0,387
34.0,416
34.0,453
34.0,462
34.0,530
34.0,556
34.0,561
34.0,571
34.0,578
34.0,586
34.0,589
34.0,601
34.0,664
34.0,692
34.0,711
34.0,725
34.0,737
34.0,739
34.0,754
34.0,758
34.0,775
34.0,780
34.0,803
34.0,818
34.0,841
34.0,848
34.0,851
34.0,870
34.0,887
34.0,894
34.0,897
34.0,898
34.0,911
34.0,929
34.0,946
34.0,982
34.0,994
34.0,998
35.0,1
35.0,2
35.0,17
35.0,35
35.0,45
35.0,58
35.0,59
35.0,71
35.0,76
35.0,139
35.0,190
35.0,215
35.0,229
35.0,236
35.0,245
35.0,263
35.0,271
35.0,300
35.0,314
35.0,324
35.0,342
35.0,407
35.0,421
35.0,422
35.0,471
35.0,489
35.0,513
35.0,522
35.0,532
35.0,544
35.0,549
35.0,563
35.0,570
35.0,572
35.0,591
35.0,612
35.0,613
35.0,614
35.0,624
35.0,674
35.0,675
35.0,676
35.0,680
35.0,688
35.0,699
35.0,713
35.0,716
35.0,736
35.0,740
35.0,757
35.0,783
35.0,791
35.0,802
35.0,811
35.0,812
35.0,828
35.0,832
35.0,835
35.0,857
35.0,867
35.0,875
35.0,890
35.0,891
35.0,895
35.0,912
35.0,932
35.0,937
35.0,942
35.0,945
35.0,948
35.0,951
35.0,954
35.0,964
36.0,6
36.0,55
36.0,64
36.0,66
36.0,72
36.0,87
36.0,94
36.0,110
36.0,125
36.0,128
36.0,132
36.0,152
36.0,162
36.0,168
36.0,169
36.0,191
36.0,261
36.0,262
36.0,273
36.0,274
36.0,288
36.0,313
36.0,317
36.0,322
36.0,338
36.0,369
36.0,373
36.0,375
36.0,380
36.0,391
36.0,400
36.0,415
36.0,439
36.0,443
36.0,475
36.0,479
36.0,545
36.0,608
36.0,681
36.0,693
36.0,694
36.0,700
36.0,724
36.0,751
36.0,767
36.0,776
36.0,795
36.0,805
36.0,819
36.0,826
36.0,843
36.0,846
36.0,854
36.0,855
36.0,868
36.0,884
36.0,888
36.0,900
36.0,903
36.0,908
36.0,926
36.0,927
36.0,940
36.0,965
36.0,995
37.0,3
37.0,40
37.0,48
37.0,65
37.0,79
37.0,119
37.0,226
37.0,254
37.0,278
37.0,311
37.0,351
37.0,409
37.0,433
37.0,434
37.0,457
37.0,482
37.0,533
37.0,534
37.0,537
37.0,542
37.0,565
37.0,616
37.0,619
37.0,643
37.0,654
37.0,667
37.0,668
37.0,673
37.0,682
37.0,695
37.0,721
37.0,744
37.0,745
37.0,788
37.0,789
37.0,790
37.0,792
37.0,830
37.0,860
37.0,865
37.0,874
37.0,878
37.0,901
37.0,905
37.0,918
37.0,934
37.0,949
37.0,960
37.0,962
37.0,970
37.0,978
37.0,984
37.0,991
38.0,13
38.0,37
38.0,58
38.0,60
38.0,71
38.0,77
38.0,81
38.0,141
38.0,161
38.0,166
38.0,225
38.0,248
38.0,279
38.0,281
38.0,292
38.0,312
38.0,319
38.0,365
38.0,367
38.0,399
38.0,447
38.0,490
38.0,559
38.0,562
38.0,606
38.0,609
38.0,628
38.0,635
38.0,718
38.0,763
38.0,768
38.0,784
38.0,809
38.0,850
38.0,886
38.0,892
38.0,961
38.0,971
38.0,981
38.0,990
39.0,147
39.0,211
39.0,214
39.0,268
39.0,293
39.0,308
39.0,428
39.0,508
39.0,513
39.0,540
39.0,592
39.0,598
39.0,636
39.0,661
39.0,696
39.0,735
39.0,749
39.0,774
39.0,782
39.0,823
39.0,924
39.0,944
39.0,974
39.0,980
40.0,74
40.0,92
40.0,109
40.0,110
40.0,133
40.0,148
40.0,172
40.0,198
40.0,204
40.0,232
40.0,243
40.0,289
40.0,381
40.0,452
40.0,494
40.0,495
40.0,547
40.0,587
40.0,709
40.0,785
40.0,807
40.0,837
41.0,3
41.0,6
41.0,7
41.0,67
41.0,80
41.0,216
41.0,249
41.0,366
41.0,391
41.0,408
41.0,491
41.0,505
41.0,539
41.0,738
41.0,781
41.0,810
41.0,863
41.0,933
41.0,969
41.0,997
42.0,181
42.0,292
42.0,434
42.0,620
42.0,639
42.0,679
42.0,747
42.0,788
42.0,847
42.0,957
43.0,159
43.0,282
43.0,461
43.0,485
43.0,527
43.0,577
43.0,662
43.0,697
43.0,712
43.0,753
43.0,975
44.0,58
44.0,60
44.0,189
44.0,216
44.0,395
44.0,402
44.0,488
44.0,519
44.0,526
44.0,537
44.0,653
44.0,687
44.0,698
44.0,796
45.0,65
45.0,249
45.0,446
45.0,611
45.0,701
46.0,266
46.0,354
46.0,386
46.0,575
46.0,707
46.0,881
46.0,922
46.0,958
47.0,31
47.0,117
47.0,341
47.0,625
48.0,86
48.0,149
48.0,220
48.0,701
48.0,796
49.0,297
50.0,458
50.0,575
51.0,304
52.0,296
52.0,630
53.0,345
54.0,12
54.0,98
54.0,188
54.0,651
55.0,202
55.0,759
57.0,83
59.0,30
59.0,553
60.0,564
62.0,579
66.0,579
75.0,406
75.0,512
75.0,672
76.0,574
78.0,210
82.0,298
83.0,332
84.0,728
86.0,315
87.0,265
87.0,456
88.0,445
88.0,451
92.0,440
93.0,567
93.0,906
94.0,631
94.0,659
95.0,836
97.0,151
98.0,431
99.0,142
99.0,156
99.0,412
99.0,938
100.0,189
100.0,397
100.0,591
102.0,363
102.0,470
104.0,153
104.0,616
105.0,612
105.0,918
106.0,247
106.0,477
106.0,588
106.0,671
106.0,988
107.0,125
107.0,316
107.0,400
107.0,682
108.0,15
108.0,115
108.0,174
108.0,339
108.0,352
108.0,394
108.0,881
109.0,259
109.0,892
109.0,935
110.0,14
110.0,377
110.0,416
110.0,612
110.0,719
110.0,855
110.0,955
111.0,59
111.0,359
112.0,86
112.0,259
112.0,371
113.0,584
113.0,740
114.0,503
114.0,528
114.0,589
114.0,741
114.0,830
114.0,911
115.0,532
116.0,82
116.0,157
116.0,245
116.0,307
116.0,939
117.0,167
117.0,183
117.0,206
117.0,568
118.0,531
119.0,44
119.0,95
119.0,399
119.0,667
119.0,705
119.0,731
119.0,741
119.0,970
120.0,82
120.0,242
120.0,267
120.0,422
120.0,774
120.0,993
121.0,353
121.0,365
121.0,485
122.0,60
122.0,865
123.0,57
123.0,114
123.0,173
123.0,194
123.0,312
123.0,360
123.0,381
123.0,652
123.0,676
123.0,748
123.0,795
123.0,822
123.0,885
124.0,326
124.0,523
124.0,711
124.0,760
124.0,864
125.0,132
125.0,158
125.0,564
125.0,669
126.0,277
126.0,291
126.0,340
126.0,509
126.0,599
126.0,632
126.0,639
126.0,726
126.0,850
127.0,0
127.0,22
127.0,26
127.0,147
127.0,176
127.0,368
127.0,381
127.0,609
127.0,641
127.0,766
127.0,787
127.0,812
127.0,888
128.0,177
128.0,378
128.0,733
128.0,902
128.0,989
129.0,63
129.0,98
129.0,250
129.0,321
129.0,558
129.0,749
129.0,769
129.0,796
129.0,891
130.0,0
130.0,297
130.0,433
130.0,596
130.0,638
130.0,757
130.0,783
131.0,4
131.0,64
131.0,67
131.0,116
131.0,213
131.0,800
131.0,842
131.0,843
132.0,63
132.0,131
132.0,249
132.0,272
132.0,330
132.0,522
132.0,802
132.0,825
132.0,832
132.0,904
132.0,919
133.0,112
133.0,166
133.0,185
133.0,275
133.0,329
133.0,520
133.0,926
133.0,963
134.0,2
134.0,140
134.0,318
134.0,493
134.0,548
134.0,605
134.0,620
134.0,677
134.0,973
135.0,5
135.0,31
135.0,132
135.0,143
135.0,285
135.0,473
135.0,570
135.0,701
135.0,809
135.0,866
135.0,954
135.0,996
136.0,168
136.0,257
136.0,262
136.0,292
136.0,336
136.0,578
136.0,585
136.0,893
136.0,986
136.0,992
136.0,994
137.0,386
137.0,745
137.0,878
137.0,932
137.0,984
138.0,16
138.0,145
138.0,268
138.0,442
138.0,446
138.0,474
138.0,520
138.0,538
138.0,547
138.0,722
138.0,771
138.0,959
139.0,76
139.0,122
139.0,163
139.0,278
139.0,317
139.0,325
139.0,347
140.0,311
140.0,598
141.0,19
141.0,106
141.0,127
141.0,337
141.0,397
141.0,807
141.0,880
141.0,937
141.0,958
142.0,212
142.0,299
142.0,404
142.0,489
142.0,949
142.0,953
143.0,164
143.0,341
143.0,464
143.0,502
143.0,514
143.0,684
144.0,99
144.0,102
144.0,184
144.0,256
144.0,460
144.0,712
144.0,789
144.0,794
144.0,829
145.0,236
145.0,457
145.0,573
145.0,906
146.0,56
146.0,74
146.0,162
147.0,49
147.0,240
147.0,629
147.0,950
148.0,53
148.0,124
148.0,640
149.0,6
149.0,781
149.0,974
150.0,379
150.0,511
150.0,871
151.0,72
151.0,130
151.0,408
152.0,40
152.0,100
152.0,403
152.0,524
152.0,583
152.0,773
152.0,776
153.0,17
153.0,211
153.0,335
153.0,373
153.0,649
153.0,920
154.0,219
154.0,226
154.0,320
154.0,656
154.0,759
154.0,907
155.0,74
155.0,308
155.0,358
155.0,607
156.0,11
156.0,84
156.0,328
157.0,1
157.0,34
157.0,90
157.0,136
157.0,139
157.0,246
157.0,288
157.0,375
157.0,435
157.0,616
158.0,12
158.0,78
158.0,105
158.0,472
158.0,488
158.0,665
158.0,709
158.0,856
159.0,38
159.0,137
159.0,237
159.0,476
159.0,527
159.0,541
159.0,552
159.0,610
159.0,622
159.0,643
159.0,668
159.0,706
159.0,713
159.0,756
159.0,967
160.0,61
160.0,113
160.0,201
160.0,401
160.0,466
160.0,495
160.0,586
160.0,707
160.0,728
160.0,985
161.0,229
161.0,260
161.0,294
161.0,346
161.0,376
161.0,435
161.0,441
161.0,571
161.0,624
161.0,666
161.0,742
161.0,922
162.0,141
162.0,200
162.0,218
162.0,253
162.0,481
162.0,513
162.0,593
162.0,694
162.0,747
162.0,750
162.0,772
162.0,783
162.0,791
162.0,806
162.0,883
163.0,68
163.0,73
163.0,126
163.0,144
163.0,423
163.0,428
163.0,450
163.0,657
163.0,670
163.0,725
163.0,836
163.0,837
163.0,845
163.0,861
164.0,52
164.0,96
164.0,254
164.0,271
164.0,327
164.0,375
164.0,382
164.0,418
164.0,444
164.0,471
164.0,544
164.0,549
164.0,601
164.0,630
164.0,687
164.0,695
164.0,767
164.0,799
164.0,918
164.0,927
164.0,972
165.0,128
165.0,155
165.0,193
165.0,290
165.0,314
165.0,324
165.0,414
165.0,426
165.0,465
165.0,490
165.0,513
165.0,553
165.0,653
165.0,696
165.0,702
165.0,720
165.0,724
165.0,762
165.0,765
165.0,802
165.0,822
165.0,896
165.0,938
165.0,940
165.0,980
166.0,23
166.0,123
166.0,154
166.0,179
166.0,203
166.0,204
166.0,351
166.0,420
166.0,453
166.0,454
166.0,504
166.0,508
166.0,577
166.0,683
166.0,710
166.0,809
166.0,830
166.0,955
167.0,87
167.0,91
167.0,172
167.0,175
167.0,243
167.0,251
167.0,370
167.0,417
167.0,424
167.0,429
167.0,447
167.0,449
167.0,455
167.0,468
167.0,590
167.0,613
167.0,714
167.0,948
167.0,975
168.0,109
168.0,167
168.0,169
168.0,187
168.0,231
168.0,247
168.0,248
168.0,264
168.0,270
168.0,384
168.0,415
168.0,438
168.0,721
168.0,780
168.0,816
168.0,872
168.0,936
168.0,939
168.0,961
168.0,983
168.0,996
169.0,3
169.0,10
169.0,178
169.0,191
169.0,207
169.0,269
169.0,280
169.0,369
169.0,393
169.0,462
169.0,486
169.0,536
169.0,654
169.0,717
169.0,775
169.0,777
169.0,785
169.0,908
169.0,911
170.0,27
170.0,62
170.0,125
170.0,258
170.0,259
170.0,279
170.0,351
170.0,425
170.0,467
170.0,516
170.0,521
170.0,561
170.0,600
170.0,611
170.0,628
170.0,655
170.0,689
170.0,703
170.0,763
170.0,783
170.0,839
170.0,855
170.0,885
170.0,895
170.0,898
170.0,998
171.0,43
171.0,50
171.0,75
171.0,117
171.0,153
171.0,252
171.0,283
171.0,415
171.0,458
171.0,496
171.0,572
171.0,613
171.0,636
171.0,686
171.0,697
171.0,723
171.0,754
171.0,786
171.0,793
171.0,798
171.0,800
171.0,813
171.0,843
171.0,850
171.0,863
171.0,892
171.0,941
171.0,956
171.0,959
171.0,976
171.0,984
171.0,994
172.0,4
172.0,36
172.0,39
172.0,222
172.0,223
172.0,228
172.0,232
172.0,244
172.0,309
172.0,391
172.0,515
172.0,530
172.0,574
172.0,579
172.0,746
172.0,853
172.0,862
172.0,880
172.0,888
172.0,889
172.0,973
173.0,54
173.0,110
173.0,120
173.0,146
173.0,170
173.0,202
173.0,209
173.0,214
173.0,233
173.0,439
173.0,448
173.0,603
173.0,617
173.0,646
173.0,664
173.0,729
173.0,821
173.0,825
173.0,848
173.0,905
173.0,910
173.0,925
174.0,32
174.0,62
174.0,121
174.0,152
174.0,156
174.0,181
174.0,217
174.0,334
174.0,348
174.0,354
174.0,431
174.0,440
174.0,445
174.0,575
174.0,619
174.0,739
174.0,812
174.0,847
174.0,970
175.0,14
175.0,24
175.0,45
175.0,47
175.0,97
175.0,101
175.0,171
175.0,180
175.0,302
175.0,385
175.0,387
175.0,430
175.0,512
175.0,579
175.0,597
175.0,618
175.0,626
175.0,658
175.0,700
175.0,844
175.0,902
175.0,968
175.0,988
176.0,81
176.0,188
176.0,333
176.0,344
176.0,362
176.0,434
176.0,491
176.0,494
176.0,498
176.0,699
176.0,832
176.0,834
176.0,947
177.0,103
177.0,110
177.0,165
177.0,199
177.0,281
177.0,310
177.0,350
177.0,535
177.0,563
177.0,574
177.0,755
177.0,914
177.0,978
178.0,51
178.0,108
178.0,111
178.0,160
178.0,234
178.0,286
178.0,319
178.0,361
178.0,419
178.0,534
178.0,562
178.0,575
178.0,681
178.0,716
178.0,827
178.0,977
178.0,986
179.0,81
179.0,220
179.0,463
179.0,525
179.0,529
179.0,531
179.0,673
179.0,779
179.0,935
179.0,960
180.0,24
180.0,70
180.0,135
180.0,147
180.0,305
180.0,380
180.0,413
180.0,445
180.0,479
180.0,505
180.0,540
180.0,815
180.0,904
180.0,999
181.0,107
181.0,405
181.0,411
181.0,557
181.0,692
181.0,784
181.0,865
181.0,951
182.0,8
182.0,287
182.0,374
182.0,409
182.0,432
182.0,633
182.0,685
182.0,688
182.0,788
182.0,817
182.0,891
183.0,48
183.0,104
183.0,266
183.0,276
183.0,289
183.0,335
183.0,483
183.0,661
183.0,672
183.0,690
183.0,761
183.0,778
184.0,37
184.0,79
184.0,89
184.0,345
184.0,595
184.0,602
184.0,627
184.0,663
184.0,676
184.0,774
185.0,71
185.0,331
185.0,475
185.0,501
186.0,80
186.0,129
186.0,149
186.0,349
186.0,680
186.0,871
187.0,227
187.0,355
187.0,406
187.0,546
187.0,738
187.0,899
188.0,18
188.0,189
188.0,296
188.0,395
188.0,410
188.0,459
188.0,484
188.0,558
188.0,595
188.0,627
188.0,804
188.0,833
188.0,912
188.0,913
188.0,926
188.0,954
189.0,25
189.0,71
189.0,274
189.0,353
189.0,366
189.0,412
189.0,464
189.0,581
189.0,651
189.0,711
190.0,340
190.0,469
190.0,478
190.0,650
190.0,820
190.0,857
191.0,265
191.0,313
191.0,357
191.0,372
191.0,383
191.0,396
191.0,443
191.0,506
191.0,560
191.0,623
191.0,788
191.0,849
192.0,41
192.0,343
192.0,367
192.0,398
192.0,533
193.0,390
193.0,469
193.0,518
193.0,556
193.0,580
194.0,92
194.0,186
194.0,604
194.0,735
195.0,83
195.0,86
195.0,210
195.0,443
195.0,545
195.0,675
196.0,60
196.0,161
196.0,190
196.0,215
196.0,451
196.0,482
196.0,711
197.0,119
197.0,263
197.0,329
197.0,343
197.0,422
197.0,539
197.0,621
197.0,668
197.0,864
198.0,6
198.0,59
198.0,625
198.0,644
198.0,704
198.0,797
199.0,142
199.0,293
199.0,485
199.0,667
199.0,684
199.0,737
199.0,813
199.0,881
200.0,60
200.0,342
200.0,507
200.0,919
201.0,21
201.0,368
201.0,376
201.0,532
201.0,693
201.0,745
201.0,758
201.0,797
201.0,893
202.0,46
202.0,182
202.0,194
202.0,241
202.0,301
202.0,708
202.0,715
202.0,734
202.0,812
202.0,937
203.0,69
203.0,196
203.0,277
203.0,555
203.0,565
204.0,94
204.0,974
205.0,543
205.0,918
205.0,932
206.0,20
206.0,65
206.0,239
206.0,317
206.0,554
206.0,972
207.0,145
207.0,150
207.0,224
207.0,638
207.0,647
208.0,2
208.0,88
208.0,550
208.0,566
208.0,799
208.0,958
209.0,77
209.0,198
209.0,338
209.0,480
209.0,967
210.0,35
210.0,356
210.0,360
210.0,427
210.0,822
210.0,950
211.0,221
211.0,238
211.0,645
212.0,242
212.0,284
212.0,662
212.0,753
212.0,764
213.0,68
213.0,114
213.0,192
214.0,400
214.0,437
215.0,392
215.0,989
216.0,192
216.0,736
217.0,28
217.0,517
217.0,559
217.0,659
218.0,801
218.0,807
219.0,16
219.0,569
219.0,612
220.0,500
220.0,601
220.0,963
221.0,176
221.0,211
221.0,298
221.0,407
221.0,522
222.0,225
222.0,686
223.0,213
224.0,487
225.0,102
225.0,615
225.0,769
226.0,592
228.0,712
228.0,906
229.0,402
229.0,790
229.0,798
230.0,339
230.0,642
230.0,733
231.0,82
231.0,551
231.0,574
232.0,85
233.0,339
233.0,573
233.0,632
234.0,465
234.0,637
235.0,323
235.0,578
235.0,589
236.0,82
236.0,365
237.0,255
237.0,339
237.0,347
237.0,776
238.0,1
238.0,13
238.0,449
238.0,552
239.0,82
239.0,185
239.0,564
239.0,635
239.0,718
240.0,240
240.0,365
240.0,789
240.0,988
241.0,252
241.0,503
241.0,756
241.0,978
242.0,12
242.0,64
242.0,257
242.0,452
242.0,773
243.0,44
243.0,76
243.0,674
243.0,959
244.0,9
244.0,115
244.0,262
244.0,486
244.0,878
245.0,26
245.0,365
245.0,519
245.0,719
246.0,36
246.0,421
246.0,640
247.0,177
247.0,389
248.0,93
248.0,174
248.0,467
248.0,587
248.0,836
248.0,892
248.0,973
249.0,218
249.0,291
249.0,547
249.0,672
249.0,837
249.0,918
249.0,980
250.0,98
250.0,456
250.0,464
250.0,910
251.0,448
251.0,938
252.0,398
252.0,606
252.0,616
252.0,800
253.0,33
253.0,310
253.0,471
253.0,678
253.0,958
254.0,19
254.0,300
254.0,346
254.0,796
255.0,95
255.0,139
255.0,448
255.0,935
256.0,429
256.0,528
256.0,648
256.0,732
256.0,749
257.0,382
258.0,453
258.0,716
258.0,829
259.0,75
259.0,308
259.0,582
259.0,761
260.0,334
260.0,649
260.0,812
260.0,940
261.0,29
261.0,634
261.0,655
261.0,665
261.0,705
262.0,630
262.0,691
263.0,388
263.0,495
263.0,549
263.0,610
263.0,752
263.0,847
264.0,18
264.0,66
264.0,290
264.0,385
264.0,492
264.0,730
264.0,855
265.0,99
265.0,100
265.0,112
265.0,243
265.0,802
265.0,949
266.0,230
266.0,273
266.0,285
266.0,435
266.0,476
266.0,722
266.0,786
266.0,842
267.0,0
267.0,32
267.0,145
267.0,166
267.0,319
267.0,652
268.0,65
268.0,141
268.0,156
268.0,160
268.0,303
268.0,577
268.0,861
269.0,15
269.0,132
269.0,148
269.0,170
269.0,206
269.0,209
269.0,374
269.0,377
269.0,494
270.0,30
270.0,331
270.0,447
270.0,472
270.0,767
271.0,22
271.0,210
271.0,370
271.0,436
271.0,728
271.0,762
271.0,787
271.0,926
272.0,0
272.0,116
272.0,141
272.0,227
272.0,263
272.0,516
272.0,570
272.0,670
272.0,807
273.0,39
273.0,172
273.0,198
273.0,386
273.0,418
273.0,512
273.0,553
273.0,561
273.0,584
273.0,768
273.0,791
273.0,794
273.0,809
273.0,850
273.0,936
274.0,138
274.0,152
274.0,171
274.0,481
274.0,504
274.0,534
274.0,591
274.0,710
274.0,843
274.0,856
274.0,871
275.0,90
275.0,140
275.0,248
275.0,268
275.0,310
275.0,567
275.0,673
275.0,683
275.0,746
275.0,783
275.0,902
276.0,48
276.0,69
276.0,81
276.0,134
276.0,163
276.0,260
276.0,341
276.0,426
276.0,434
276.0,470
276.0,550
276.0,622
276.0,641
276.0,784
276.0,888
277.0,144
277.0,216
277.0,265
277.0,276
277.0,320
277.0,493
277.0,506
277.0,583
277.0,759
277.0,839
277.0,845
277.0,881
277.0,996
278.0,12
278.0,17
278.0,55
278.0,129
278.0,131
278.0,151
278.0,199
278.0,330
278.0,332
278.0,358
278.0,407
278.0,442
278.0,529
278.0,571
278.0,627
278.0,671
278.0,750
278.0,825
278.0,885
278.0,953
278.0,954
278.0,974
279.0,81
279.0,191
279.0,200
279.0,201
279.0,217
279.0,235
279.0,251
279.0,280
279.0,296
279.0,310
279.0,771
279.0,801
279.0,830
279.0,872
279.0,939
280.0,40
280.0,58
280.0,63
280.0,69
280.0,103
280.0,390
280.0,428
280.0,441
280.0,643
280.0,669
280.0,911
280.0,950
281.0,45
281.0,195
281.0,216
281.0,253
281.0,278
281.0,364
281.0,415
281.0,505
281.0,523
281.0,633
281.0,645
281.0,701
281.0,724
281.0,760
281.0,889
281.0,913
281.0,972
281.0,988
282.0,12
282.0,53
282.0,54
282.0,107
282.0,191
282.0,295
282.0,369
282.0,420
282.0,491
282.0,509
282.0,624
282.0,627
282.0,651
282.0,751
282.0,765
282.0,822
282.0,852
282.0,891
282.0,922
282.0,937
282.0,960
283.0,14
283.0,101
283.0,270
283.0,306
283.0,434
283.0,499
283.0,526
283.0,542
283.0,639
283.0,677
283.0,690
283.0,693
283.0,700
283.0,757
283.0,804
283.0,864
284.0,21
284.0,38
284.0,51
284.0,62
284.0,113
284.0,124
284.0,229
284.0,314
284.0,342
284.0,410
284.0,416
284.0,479
284.0,539
284.0,572
284.0,580
284.0,614
284.0,698
284.0,803
284.0,999
285.0,188
285.0,297
285.0,368
285.0,379
285.0,391
285.0,468
285.0,699
285.0,793
285.0,813
285.0,863
285.0,904
285.0,919
286.0,50
286.0,52
286.0,83
286.0,179
286.0,203
286.0,258
286.0,302
286.0,380
286.0,595
286.0,612
286.0,747
286.0,908
286.0,925
286.0,993
287.0,7
287.0,193
287.0,219
287.0,222
287.0,298
287.0,381
287.0,514
287.0,520
287.0,598
287.0,687
287.0,697
287.0,766
287.0,780
287.0,797
287.0,955
287.0,963
288.0,25
288.0,87
288.0,147
288.0,157
288.0,242
288.0,321
288.0,432
288.0,451
288.0,513
288.0,527
288.0,560
288.0,613
288.0,714
288.0,715
288.0,763
288.0,967
289.0,188
289.0,211
289.0,322
289.0,350
289.0,395
289.0,455
289.0,518
289.0,536
289.0,576
289.0,596
289.0,627
289.0,827
289.0,855
289.0,929
290.0,27
290.0,57
290.0,64
290.0,158
290.0,184
290.0,240
290.0,266
290.0,279
290.0,307
290.0,404
290.0,473
290.0,738
290.0,740
290.0,758
290.0,832
290.0,876
290.0,907
290.0,932
290.0,941
291.0,43
291.0,130
291.0,250
291.0,289
291.0,325
291.0,326
291.0,411
291.0,507
291.0,595
291.0,708
291.0,737
291.0,893
291.0,898
291.0,964
291.0,970
291.0,980
292.0,16
292.0,34
292.0,79
292.0,359
292.0,367
292.0,477
292.0,511
292.0,525
292.0,546
292.0,548
292.0,599
292.0,613
292.0,666
292.0,798
292.0,859
292.0,879
292.0,910
292.0,918
292.0,938
293.0,10
293.0,23
293.0,46
293.0,118
293.0,121
293.0,286
293.0,309
293.0,327
293.0,337
293.0,345
293.0,353
293.0,489
293.0,513
293.0,521
293.0,679
294.0,49
294.0,164
294.0,187
294.0,212
294.0,288
294.0,401
294.0,465
294.0,535
294.0,554
294.0,734
294.0,739
294.0,815
294.0,865
294.0,958
294.0,989
294.0,994
295.0,11
295.0,128
295.0,137
295.0,244
295.0,324
295.0,393
295.0,524
295.0,682
295.0,699
295.0,726
295.0,834
295.0,880
295.0,887
295.0,896
296.0,143
296.0,259
296.0,375
296.0,399
296.0,408
296.0,439
296.0,496
296.0,544
296.0,607
296.0,662
296.0,725
296.0,883
296.0,978
297.0,28
297.0,74
297.0,301
297.0,366
297.0,373
297.0,444
297.0,609
297.0,727
297.0,772
297.0,894
297.0,906
297.0,982
298.0,49
298.0,154
298.0,228
298.0,475
298.0,502
298.0,541
298.0,646
298.0,657
298.0,947
298.0,984
299.0,106
299.0,168
299.0,169
299.0,376
299.0,445
299.0,490
299.0,869
299.0,959
300.0,167
300.0,422
300.0,438
300.0,485
300.0,548
300.0,568
300.0,588
300.0,694
300.0,742
300.0,769
300.0,833
301.0,486
301.0,501
301.0,800
301.0,997
302.0,190
302.0,629
302.0,723
302.0,795
303.0,24
303.0,126
303.0,743
303.0,799
304.0,352
304.0,384
304.0,423
304.0,450
304.0,497
304.0,696
304.0,821
305.0,135
305.0,162
305.0,557
305.0,625
305.0,692
305.0,899
306.0,336
306.0,461
306.0,753
306.0,995
307.0,96
307.0,269
308.0,19
308.0,150
308.0,186
308.0,617
308.0,847
308.0,920
309.0,155
309.0,650
309.0,680
309.0,756
310.0,47
310.0,556
310.0,620
310.0,703
311.0,61
311.0,104
311.0,538
311.0,721
312.0,37
312.0,42
312.0,271
312.0,299
312.0,510
312.0,605
312.0,741
313.0,94
313.0,127
313.0,161
313.0,215
313.0,586
313.0,892
314.0,77
315.0,67
315.0,72
315.0,73
315.0,777
316.0,261
316.0,312
316.0,412
316.0,658
316.0,713
316.0,741
316.0,926
317.0,120
317.0,287
317.0,644
317.0,668
318.0,6
319.0,111
319.0,335
319.0,431
319.0,589
319.0,590
319.0,611
319.0,807
319.0,973
320.0,37
320.0,84
320.0,221
320.0,531
320.0,555
320.0,689
320.0,748
321.0,6
321.0,60
321.0,400
321.0,498
321.0,741
321.0,836
322.0,316
322.0,459
322.0,809
324.0,136
324.0,653
324.0,790
325.0,68
325.0,354
325.0,460
325.0,464
325.0,514
325.0,545
325.0,581
325.0,781
326.0,308
327.0,60
327.0,70
327.0,146
327.0,257
327.0,360
327.0,463
327.0,579
327.0,695
327.0,709
327.0,839
328.0,357
328.0,608
328.0,891
329.0,142
329.0,277
329.0,284
329.0,642
330.0,109
330.0,778
331.0,17
331.0,89
331.0,340
331.0,628
331.0,681
331.0,717
331.0,878
332.0,304
332.0,440
332.0,566
332.0,719
332.0,775
333.0,315
333.0,522
333.0,640
333.0,804
333.0,882
333.0,937
334.0,532
334.0,888
335.0,388
336.0,17
336.0,178
336.0,318
336.0,392
336.0,731
336.0,842
336.0,864
337.0,236
337.0,245
337.0,552
337.0,654
338.0,36
338.0,600
338.0,636
339.0,238
339.0,458
339.0,573
340.0,147
340.0,564
341.0,96
341.0,282
341.0,508
341.0,783
341.0,785
342.0,5
342.0,194
342.0,437
342.0,604
342.0,707
343.0,378
343.0,413
343.0,574
343.0,636
343.0,788
343.0,954
344.0,208
344.0,415
344.0,716
344.0,949
345.0,30
345.0,197
345.0,216
345.0,281
345.0,537
346.0,3
346.0,25
346.0,189
346.0,256
346.0,525
346.0,540
347.0,4
347.0,294
347.0,311
347.0,425
347.0,659
347.0,688
347.0,996
348.0,365
348.0,382
348.0,398
348.0,415
348.0,575
348.0,655
348.0,829
348.0,941
348.0,993
349.0,50
349.0,241
349.0,338
349.0,348
349.0,559
349.0,850
349.0,856
349.0,943
350.0,15
350.0,237
350.0,256
350.0,264
350.0,616
350.0,735
350.0,760
350.0,930
350.0,988
351.0,311
351.0,436
351.0,601
351.0,802
352.0,64
352.0,125
352.0,693
352.0,830
352.0,834
353.0,145
353.0,239
353.0,418
353.0,861
353.0,919
353.0,935
354.0,100
354.0,234
354.0,274
354.0,547
354.0,575
354.0,616
354.0,676
354.0,776
355.0,386
355.0,391
355.0,456
355.0,471
355.0,482
355.0,577
356.0,12
356.0,108
356.0,160
356.0,192
356.0,306
356.0,519
356.0,751
357.0,93
357.0,129
357.0,231
357.0,533
357.0,754
358.0,259
358.0,469
358.0,843
358.0,911
358.0,936
359.0,289
359.0,347
359.0,660
359.0,712
359.0,796
359.0,845
359.0,955
359.0,958
360.0,105
360.0,196
360.0,223
360.0,562
360.0,751
360.0,837
360.0,863
361.0,429
362.0,129
362.0,362
362.0,453
362.0,558
362.0,730
362.0,732
363.0,183
363.0,576
363.0,767
363.0,817
363.0,939
364.0,32
364.0,59
364.0,173
364.0,283
364.0,433
364.0,549
364.0,634
365.0,305
365.0,330
365.0,791
366.0,99
366.0,175
366.0,414
366.0,623
366.0,848
366.0,959
367.0,31
367.0,103
367.0,435
367.0,454
367.0,773
367.0,827
367.0,918
368.0,59
368.0,205
368.0,474
368.0,549
368.0,701
368.0,822
369.0,149
369.0,409
369.0,428
369.0,451
369.0,496
369.0,618
369.0,989
370.0,53
370.0,68
370.0,253
370.0,922
371.0,174
371.0,509
371.0,631
371.0,794
371.0,908
372.0,405
372.0,417
373.0,291
373.0,321
373.0,363
373.0,394
373.0,656
373.0,990
374.0,2
374.0,152
374.0,293
374.0,621
374.0,664
375.0,181
375.0,265
375.0,356
375.0,728
376.0,89
376.0,123
376.0,353
376.0,369
376.0,374
376.0,683
376.0,885
377.0,457
377.0,526
377.0,632
377.0,792
377.0,963
378.0,22
378.0,113
378.0,128
378.0,275
378.0,366
378.0,585
378.0,619
378.0,722
379.0,317
379.0,396
379.0,748
380.0,8
380.0,45
380.0,116
380.0,325
380.0,594
380.0,825
380.0,926
381.0,403
381.0,427
381.0,444
381.0,506
381.0,523
381.0,528
381.0,708
381.0,812
381.0,953
382.0,97
382.0,157
382.0,372
382.0,419
382.0,442
382.0,462
382.0,646
383.0,85
383.0,247
383.0,329
383.0,344
383.0,500
383.0,567
383.0,678
383.0,756
383.0,855
383.0,881
383.0,902
383.0,928
383.0,973
384.0,227
384.0,267
384.0,296
384.0,387
384.0,434
384.0,511
384.0,581
384.0,615
384.0,651
384.0,674
384.0,702
385.0,80
385.0,300
385.0,381
385.0,443
385.0,447
385.0,487
385.0,641
385.0,888
385.0,906
386.0,117
386.0,155
386.0,170
386.0,180
386.0,319
386.0,331
386.0,662
386.0,784
386.0,950
387.0,8
387.0,138
387.0,301
387.0,343
387.0,350
387.0,384
387.0,510
387.0,858
388.0,16
388.0,98
388.0,358
388.0,503
388.0,504
388.0,698
388.0,780
388.0,893
388.0,949
389.0,1
389.0,168
389.0,349
389.0,401
389.0,421
389.0,486
389.0,487
389.0,493
389.0,553
389.0,804
389.0,836
389.0,976
390.0,20
390.0,33
390.0,221
390.0,343
390.0,645
390.0,847
391.0,24
391.0,102
391.0,228
391.0,249
391.0,385
391.0,424
391.0,512
391.0,592
391.0,648
391.0,739
391.0,821
392.0,25
392.0,358
392.0,588
392.0,591
392.0,639
392.0,783
392.0,978
392.0,984
393.0,18
393.0,349
393.0,580
393.0,650
393.0,734
393.0,737
393.0,975
394.0,127
394.0,249
394.0,250
394.0,285
394.0,483
394.0,495
394.0,643
394.0,709
394.0,937
394.0,995
394.0,996
395.0,57
395.0,71
395.0,78
395.0,297
395.0,328
395.0,368
395.0,490
395.0,499
395.0,565
395.0,591
395.0,774
395.0,800
395.0,809
395.0,942
396.0,207
396.0,225
396.0,323
396.0,439
396.0,513
396.0,572
396.0,746
396.0,931
396.0,977
397.0,249
397.0,302
397.0,335
397.0,524
397.0,725
398.0,198
398.0,244
398.0,254
398.0,292
398.0,430
398.0,595
398.0,706
398.0,727
398.0,766
398.0,882
398.0,938
398.0,956
399.0,55
399.0,182
399.0,339
399.0,354
399.0,406
399.0,559
399.0,667
399.0,813
399.0,980
400.0,166
400.0,370
400.0,477
400.0,490
400.0,491
400.0,515
400.0,625
400.0,687
400.0,878
401.0,52
401.0,75
401.0,361
401.0,595
401.0,624
401.0,661
401.0,892
402.0,5
402.0,56
402.0,224
402.0,278
402.0,334
402.0,339
402.0,367
402.0,560
403.0,406
403.0,762
404.0,47
404.0,83
404.0,195
404.0,407
404.0,485
404.0,633
404.0,703
404.0,736
404.0,761
405.0,140
405.0,214
405.0,320
405.0,410
405.0,583
405.0,595
405.0,765
405.0,795
405.0,802
405.0,883
406.0,39
406.0,136
406.0,139
406.0,299
406.0,339
406.0,507
406.0,705
406.0,710
406.0,908
407.0,211
407.0,262
407.0,383
407.0,402
407.0,593
407.0,668
407.0,677
407.0,690
407.0,863
408.0,38
408.0,202
408.0,270
408.0,346
408.0,357
408.0,926
409.0,14
409.0,63
409.0,73
409.0,209
409.0,472
409.0,686
409.0,896
409.0,919
409.0,940
409.0,955
409.0,972
410.0,11
410.0,27
410.0,41
410.0,46
410.0,76
410.0,208
410.0,218
410.0,327
410.0,411
410.0,412
410.0,440
410.0,749
411.0,165
411.0,217
411.0,272
411.0,380
411.0,627
411.0,630
411.0,743
411.0,767
411.0,771
411.0,954
411.0,993
412.0,62
412.0,120
412.0,162
412.0,251
412.0,255
412.0,282
412.0,502
412.0,534
412.0,543
412.0,609
412.0,694
412.0,697
412.0,829
412.0,935
413.0,6
413.0,19
413.0,172
413.0,190
413.0,284
413.0,290
413.0,379
413.0,637
414.0,40
414.0,66
414.0,404
414.0,408
414.0,488
414.0,518
414.0,617
414.0,704
414.0,747
414.0,789
415.0,94
415.0,222
415.0,445
415.0,672
415.0,753
415.0,832
415.0,994
416.0,61
416.0,171
416.0,324
416.0,399
416.0,422
416.0,530
416.0,570
416.0,839
416.0,856
416.0,876
417.0,7
417.0,82
417.0,88
417.0,178
417.0,193
417.0,220
417.0,304
417.0,338
417.0,390
417.0,404
417.0,494
417.0,514
417.0,684
417.0,711
417.0,726
417.0,778
417.0,779
418.0,30
418.0,216
418.0,260
418.0,397
418.0,584
418.0,598
418.0,635
418.0,652
418.0,680
418.0,682
418.0,718
418.0,843
418.0,898
419.0,69
419.0,143
419.0,213
419.0,240
419.0,287
419.0,364
419.0,445
419.0,452
419.0,484
419.0,529
419.0,620
419.0,626
419.0,636
419.0,696
419.0,758
419.0,782
419.0,928
419.0,960
419.0,988
420.0,81
420.0,187
420.0,189
420.0,360
420.0,508
420.0,531
420.0,550
420.0,586
420.0,692
420.0,724
420.0,770
420.0,772
420.0,786
420.0,812
420.0,911
420.0,913
420.0,939
421.0,82
421.0,90
421.0,126
421.0,141
421.0,147
421.0,184
421.0,283
421.0,304
421.0,326
421.0,476
421.0,516
421.0,544
421.0,657
421.0,673
421.0,745
421.0,807
421.0,974
422.0,49
422.0,58
422.0,177
422.0,309
422.0,352
422.0,392
422.0,397
422.0,463
422.0,596
422.0,647
422.0,691
422.0,714
422.0,740
422.0,816
422.0,833
422.0,861
423.0,77
423.0,115
423.0,119
423.0,130
423.0,146
423.0,169
423.0,188
423.0,269
423.0,273
423.0,289
423.0,310
423.0,351
423.0,420
423.0,460
423.0,517
423.0,532
423.0,602
423.0,606
423.0,608
423.0,628
423.0,644
423.0,663
423.0,815
423.0,842
423.0,850
423.0,869
423.0,920
423.0,950
423.0,966
424.0,64
424.0,84
424.0,142
424.0,156
424.0,337
424.0,345
424.0,376
424.0,382
424.0,555
424.0,597
424.0,666
424.0,670
424.0,715
424.0,785
424.0,845
424.0,864
424.0,891
424.0,907
424.0,932
425.0,43
425.0,109
425.0,131
425.0,141
425.0,210
425.0,391
425.0,450
425.0,614
425.0,720
425.0,820
425.0,830
425.0,885
425.0,918
425.0,930
425.0,958
425.0,959
425.0,987
426.0,87
426.0,95
426.0,149
426.0,183
426.0,200
426.0,232
426.0,248
426.0,355
426.0,378
426.0,554
426.0,573
426.0,665
426.0,764
426.0,796
426.0,834
426.0,852
426.0,881
426.0,888
426.0,949
426.0,989
426.0,999
427.0,44
427.0,106
427.0,203
427.0,246
427.0,289
427.0,312
427.0,403
427.0,475
427.0,480
427.0,547
427.0,613
427.0,671
427.0,716
427.0,847
427.0,871
427.0,986
428.0,77
428.0,104
428.0,107
428.0,114
428.0,163
428.0,191
428.0,234
428.0,310
428.0,376
428.0,393
428.0,542
428.0,582
428.0,817
428.0,855
428.0,889
428.0,906
428.0,967
429.0,36
429.0,50
429.0,58
429.0,72
429.0,280
429.0,461
429.0,481
429.0,536
429.0,660
429.0,788
429.0,800
429.0,979
430.0,54
430.0,164
430.0,532
430.0,600
430.0,798
430.0,984
431.0,134
431.0,191
431.0,201
431.0,242
431.0,610
431.0,669
431.0,790
431.0,859
432.0,578
432.0,589
432.0,716
432.0,788
432.0,806
432.0,880
433.0,258
433.0,501
433.0,685
433.0,719
433.0,742
433.0,754
433.0,809
433.0,893
434.0,474
434.0,634
434.0,695
434.0,963
435.0,191
435.0,611
436.0,59
436.0,179
436.0,453
436.0,469
436.0,679
436.0,976
437.0,159
437.0,381
437.0,388
437.0,688
438.0,153
438.0,332
438.0,371
438.0,425
438.0,492
438.0,634
439.0,266
439.0,350
440.0,48
440.0,67
440.0,71
440.0,333
440.0,562
440.0,700
441.0,185
441.0,394
441.0,681
441.0,781
441.0,936
442.0,133
442.0,689
442.0,777
443.0,341
443.0,556
443.0,784
443.0,797
445.0,132
445.0,153
445.0,245
445.0,247
445.0,467
445.0,566
446.0,79
446.0,192
446.0,435
446.0,527
446.0,730
447.0,123
447.0,322
447.0,561
448.0,42
448.0,298
448.0,466
448.0,479
448.0,498
448.0,504
449.0,101
449.0,137
449.0,215
449.0,455
450.0,148
450.0,197
451.0,92
451.0,271
451.0,435
451.0,509
451.0,973
452.0,122
452.0,151
452.0,342
452.0,519
453.0,86
454.0,315
454.0,487
454.0,526
454.0,851
455.0,294
455.0,576
455.0,579
456.0,35
456.0,575
456.0,908
457.0,86
457.0,375
457.0,629
457.0,793
458.0,21
458.0,437
458.0,464
459.0,219
459.0,653
459.0,655
459.0,768
460.0,286
460.0,296
460.0,329
460.0,487
460.0,522
460.0,813
461.0,496
461.0,829
461.0,836
462.0,51
462.0,63
462.0,174
462.0,196
462.0,741
463.0,10
463.0,229
463.0,416
463.0,482
463.0,729
464.0,206
464.0,233
464.0,300
464.0,415
464.0,429
464.0,510
465.0,145
465.0,276
465.0,539
465.0,741
466.0,465
466.0,563
466.0,728
466.0,752
467.0,9
467.0,256
467.0,542
467.0,706
468.0,24
468.0,110
468.0,438
468.0,658
468.0,712
468.0,731
468.0,757
469.0,6
469.0,253
469.0,323
469.0,525
470.0,520
470.0,769
470.0,883
470.0,940
470.0,980
471.0,25
471.0,546
471.0,583
471.0,750
471.0,804
471.0,865
471.0,996
472.0,33
472.0,359
472.0,552
472.0,560
472.0,775
472.0,821
472.0,898
472.0,994
473.0,316
473.0,319
473.0,449
473.0,506
473.0,551
473.0,564
473.0,574
473.0,733
473.0,822
474.0,24
474.0,112
474.0,386
474.0,762
474.0,842
474.0,935
475.0,78
475.0,288
475.0,732
475.0,769
475.0,807
476.0,34
476.0,186
476.0,277
476.0,541
476.0,612
477.0,152
477.0,154
477.0,491
477.0,565
477.0,569
477.0,902
477.0,910
478.0,268
478.0,478
478.0,523
478.0,605
479.0,176
479.0,470
479.0,549
479.0,571
479.0,594
479.0,734
480.0,111
480.0,252
480.0,346
480.0,640
480.0,888
482.0,199
482.0,226
482.0,308
483.0,80
483.0,278
483.0,426
483.0,599
483.0,787
483.0,911
484.0,303
484.0,483
484.0,535
484.0,618
484.0,693
484.0,748
484.0,799
484.0,812
485.0,85
485.0,167
485.0,738
486.0,2
486.0,45
486.0,121
486.0,205
486.0,259
486.0,297
486.0,521
486.0,617
486.0,622
486.0,763
486.0,765
487.0,802
488.0,3
488.0,12
488.0,194
488.0,311
488.0,314
488.0,405
489.0,184
489.0,545
489.0,707
489.0,713
489.0,774
490.0,99
490.0,377
490.0,451
490.0,458
490.0,686
490.0,776
490.0,893
490.0,972
490.0,978
491.0,175
491.0,235
491.0,414
491.0,446
491.0,591
491.0,718
491.0,723
491.0,751
491.0,880
492.0,0
492.0,18
492.0,27
492.0,285
492.0,631
492.0,676
492.0,677
492.0,685
492.0,755
492.0,863
492.0,953
492.0,988
493.0,12
493.0,20
493.0,55
493.0,147
493.0,537
493.0,892
493.0,919
494.0,144
494.0,363
494.0,417
494.0,474
494.0,588
494.0,616
495.0,8
495.0,11
495.0,15
495.0,418
495.0,431
495.0,462
495.0,585
495.0,654
495.0,664
495.0,737
495.0,780
496.0,230
496.0,250
496.0,486
496.0,632
496.0,999
497.0,348
497.0,538
497.0,682
497.0,708
497.0,937
498.0,28
498.0,100
498.0,113
498.0,119
498.0,301
498.0,318
498.0,477
498.0,511
498.0,577
498.0,607
498.0,646
498.0,862
499.0,65
499.0,313
499.0,587
499.0,794
499.0,920
500.0,0
500.0,13
500.0,105
500.0,275
500.0,289
500.0,424
500.0,735
500.0,881
500.0,918
501.0,103
501.0,146
501.0,150
501.0,237
501.0,241
501.0,257
501.0,325
501.0,648
501.0,650
501.0,766
501.0,779
501.0,847
501.0,850
501.0,861
501.0,959
501.0,986
502.0,126
502.0,327
502.0,342
502.0,344
502.0,369
502.0,375
502.0,399
502.0,431
502.0,439
502.0,635
502.0,687
502.0,914
503.0,29
503.0,54
503.0,91
503.0,130
503.0,225
503.0,261
503.0,419
503.0,457
503.0,533
503.0,843
503.0,955
504.0,58
504.0,118
504.0,343
504.0,428
504.0,665
505.0,182
505.0,310
505.0,381
505.0,559
505.0,796
506.0,5
506.0,16
506.0,204
506.0,362
506.0,373
506.0,528
506.0,595
506.0,711
506.0,745
506.0,778
506.0,848
507.0,444
507.0,590
507.0,964
507.0,989
508.0,343
508.0,436
508.0,497
508.0,531
508.0,572
508.0,604
508.0,625
508.0,722
508.0,836
509.0,44
509.0,52
509.0,160
509.0,178
509.0,207
509.0,381
509.0,390
509.0,524
509.0,885
509.0,926
510.0,209
510.0,282
510.0,293
510.0,302
510.0,473
510.0,960
510.0,967
511.0,272
511.0,343
511.0,383
511.0,391
511.0,637
511.0,661
511.0,956
512.0,70
512.0,124
512.0,441
512.0,447
512.0,638
512.0,702
512.0,817
512.0,908
512.0,995
513.0,114
513.0,145
513.0,202
513.0,283
513.0,568
513.0,696
513.0,939
513.0,949
513.0,974
514.0,104
514.0,224
514.0,243
514.0,423
514.0,488
514.0,636
514.0,670
514.0,678
514.0,797
514.0,855
514.0,954
515.0,471
515.0,500
515.0,510
515.0,620
515.0,701
515.0,757
515.0,825
515.0,830
515.0,958
516.0,142
516.0,413
516.0,667
516.0,782
516.0,784
517.0,42
517.0,68
517.0,365
517.0,447
517.0,740
518.0,132
518.0,385
518.0,614
518.0,672
518.0,797
518.0,938
519.0,75
519.0,324
519.0,372
519.0,430
519.0,719
519.0,963
519.0,984
520.0,208
520.0,213
520.0,249
520.0,266
520.0,493
521.0,46
521.0,267
521.0,365
521.0,584
521.0,709
522.0,37
522.0,231
522.0,485
522.0,593
522.0,703
523.0,65
523.0,173
523.0,254
523.0,326
523.0,756
523.0,768
523.0,941
524.0,109
524.0,120
524.0,208
524.0,227
524.0,273
524.0,459
524.0,746
525.0,69
525.0,370
525.0,427
525.0,494
525.0,651
525.0,694
525.0,725
525.0,744
525.0,832
526.0,60
526.0,108
526.0,117
526.0,274
526.0,331
526.0,543
526.0,845
526.0,932
527.0,140
527.0,382
527.0,396
527.0,464
527.0,698
527.0,699
528.0,49
528.0,196
528.0,228
528.0,239
528.0,602
528.0,716
529.0,74
529.0,136
529.0,141
529.0,192
529.0,295
529.0,335
529.0,448
529.0,659
529.0,777
529.0,783
529.0,935
530.0,4
530.0,23
530.0,47
530.0,88
530.0,129
530.0,199
530.0,320
530.0,322
530.0,402
530.0,434
530.0,581
530.0,690
530.0,759
530.0,761
530.0,863
530.0,878
531.0,159
531.0,489
531.0,567
531.0,683
531.0,717
531.0,892
531.0,996
532.0,30
532.0,36
532.0,76
532.0,83
532.0,201
532.0,557
532.0,788
533.0,67
533.0,141
533.0,191
533.0,203
533.0,216
533.0,223
533.0,263
533.0,410
533.0,434
533.0,452
533.0,467
533.0,643
533.0,749
533.0,827
533.0,906
534.0,177
534.0,398
534.0,536
534.0,586
534.0,597
534.0,601
534.0,783
534.0,809
534.0,839
534.0,876
534.0,887
535.0,17
535.0,51
535.0,59
535.0,87
535.0,122
535.0,172
535.0,306
535.0,329
535.0,397
535.0,442
535.0,513
535.0,539
535.0,600
535.0,671
535.0,802
535.0,852
536.0,57
536.0,200
536.0,212
536.0,345
536.0,384
536.0,392
536.0,409
536.0,547
536.0,666
536.0,675
536.0,689
536.0,715
536.0,788
536.0,891
536.0,949
536.0,950
536.0,999
537.0,26
537.0,151
537.0,161
537.0,190
537.0,191
537.0,251
537.0,317
537.0,361
537.0,380
537.0,739
537.0,813
537.0,888
537.0,928
537.0,955
538.0,24
538.0,169
538.0,180
538.0,307
538.0,389
538.0,592
538.0,681
538.0,743
538.0,842
538.0,973
539.0,181
539.0,558
539.0,608
539.0,640
539.0,647
539.0,789
539.0,798
539.0,834
539.0,857
539.0,893
539.0,922
539.0,985
540.0,53
540.0,189
540.0,290
540.0,403
540.0,807
540.0,896
541.0,77
541.0,82
541.0,352
541.0,359
541.0,400
541.0,484
541.0,507
541.0,736
541.0,792
541.0,843
541.0,936
542.0,39
542.0,191
542.0,350
542.0,358
542.0,395
542.0,468
542.0,563
542.0,644
542.0,994
543.0,74
543.0,195
543.0,236
543.0,368
543.0,931
543.0,978
544.0,217
544.0,770
544.0,902
544.0,911
544.0,962
544.0,980
545.0,82
545.0,328
545.0,463
545.0,660
545.0,815
545.0,901
546.0,35
546.0,627
546.0,747
546.0,816
547.0,1
547.0,73
547.0,86
547.0,149
547.0,649
547.0,822
548.0,321
548.0,337
548.0,517
549.0,19
550.0,246
550.0,685
551.0,157
551.0,183
551.0,318
551.0,460
551.0,518
551.0,550
551.0,700
551.0,728
552.0,821
553.0,90
553.0,514
553.0,624
553.0,691
554.0,234
554.0,354
554.0,495
554.0,634
555.0,94
555.0,197
555.0,229
555.0,247
555.0,394
555.0,476
555.0,525
556.0,244
556.0,353
556.0,401
556.0,466
556.0,734
557.0,116
557.0,164
557.0,255
557.0,349
557.0,554
557.0,594
558.0,14
558.0,66
558.0,280
558.0,347
558.0,408
558.0,421
558.0,514
558.0,516
558.0,603
558.0,751
559.0,187
559.0,221
559.0,319
559.0,406
559.0,623
559.0,714
559.0,793
560.0,10
560.0,64
560.0,340
560.0,433
560.0,538
560.0,548
560.0,566
560.0,712
560.0,765
560.0,988
561.0,41
561.0,123
561.0,155
561.0,160
561.0,242
561.0,309
561.0,445
561.0,472
561.0,553
561.0,680
561.0,688
561.0,751
562.0,6
562.0,21
562.0,166
562.0,336
562.0,374
562.0,407
562.0,465
562.0,613
562.0,861
562.0,918
563.0,110
563.0,171
563.0,299
563.0,333
563.0,542
563.0,546
563.0,641
563.0,713
563.0,800
563.0,801
563.0,847
563.0,947
564.0,15
564.0,289
564.0,315
564.0,334
564.0,412
564.0,449
564.0,521
564.0,589
564.0,622
564.0,639
564.0,773
564.0,908
564.0,926
564.0,954
564.0,959
564.0,967
565.0,294
565.0,330
565.0,445
565.0,456
565.0,564
565.0,656
565.0,673
565.0,729
565.0,871
565.0,904
565.0,942
566.0,85
566.0,127
566.0,153
566.0,186
566.0,207
566.0,260
566.0,338
566.0,406
566.0,504
566.0,621
566.0,648
566.0,704
566.0,724
566.0,817
566.0,836
566.0,850
566.0,872
566.0,974
566.0,993
567.0,18
567.0,125
567.0,156
567.0,446
567.0,469
567.0,475
567.0,753
567.0,812
567.0,848
567.0,920
568.0,193
568.0,279
568.0,326
568.0,519
568.0,613
568.0,752
568.0,832
568.0,919
568.0,983
569.0,72
569.0,95
569.0,287
569.0,498
569.0,573
569.0,668
569.0,830
569.0,865
570.0,134
570.0,218
570.0,248
570.0,377
570.0,422
570.0,438
570.0,551
570.0,856
570.0,864
570.0,883
571.0,75
571.0,461
571.0,523
571.0,631
571.0,721
571.0,731
572.0,296
572.0,469
572.0,588
572.0,772
573.0,130
573.0,612
573.0,646
573.0,880
573.0,934
574.0,129
574.0,138
575.0,13
575.0,71
575.0,258
575.0,285
575.0,652
576.0,112
576.0,706
577.0,937
578.0,8
578.0,158
578.0,264
578.0,503
578.0,709
579.0,3
579.0,40
579.0,240
579.0,575
579.0,741
579.0,771
580.0,454
581.0,22
581.0,71
581.0,411
581.0,530
581.0,645
581.0,663
581.0,679
581.0,785
582.0,235
582.0,526
582.0,684
582.0,829
583.0,115
583.0,579
583.0,786
584.0,2
584.0,58
584.0,198
584.0,265
584.0,271
584.0,575
584.0,582
584.0,758
585.0,458
585.0,534
585.0,735
586.0,275
586.0,726
586.0,767
587.0,531
587.0,556
587.0,939
588.0,28
588.0,58
588.0,487
588.0,572
588.0,583
588.0,609
588.0,727
588.0,861
589.0,162
589.0,192
589.0,356
589.0,393
589.0,414
589.0,569
589.0,809
589.0,855
589.0,932
590.0,252
590.0,253
590.0,291
590.0,339
590.0,355
590.0,451
590.0,486
590.0,506
590.0,678
590.0,755
590.0,791
590.0,996
591.0,84
591.0,512
591.0,543
591.0,630
591.0,922
592.0,17
592.0,106
592.0,237
592.0,304
592.0,367
592.0,888
592.0,958
593.0,131
593.0,204
593.0,222
593.0,305
593.0,529
593.0,662
593.0,781
593.0,843
594.0,175
594.0,392
595.0,63
595.0,132
595.0,210
595.0,342
595.0,376
595.0,544
595.0,940
595.0,980
596.0,249
596.0,615
596.0,635
596.0,925
597.0,137
597.0,555
597.0,658
597.0,891
597.0,914
598.0,52
598.0,474
598.0,478
598.0,574
598.0,795
598.0,878
599.0,53
599.0,124
599.0,143
599.0,379
599.0,483
599.0,562
599.0,653
599.0,718
599.0,885
599.0,902
600.0,11
600.0,238
600.0,382
600.0,450
600.0,733
601.0,132
601.0,470
601.0,481
601.0,598
601.0,762
602.0,220
602.0,284
602.0,300
602.0,383
602.0,574
602.0,693
602.0,789
603.0,92
603.0,102
603.0,185
603.0,407
603.0,500
603.0,790
603.0,807
603.0,822
604.0,139
604.0,511
604.0,513
604.0,629
605.0,128
605.0,189
605.0,462
605.0,515
606.0,56
606.0,77
606.0,211
606.0,230
606.0,278
606.0,316
606.0,464
606.0,571
606.0,759
606.0,938
607.0,97
607.0,188
607.0,226
607.0,273
607.0,430
607.0,440
607.0,481
607.0,513
607.0,881
607.0,949
607.0,986
607.0,989
608.0,117
608.0,146
608.0,181
608.0,200
608.0,243
608.0,310
608.0,341
608.0,381
608.0,527
608.0,580
608.0,769
608.0,960
609.0,101
609.0,145
609.0,183
609.0,559
610.0,20
610.0,38
610.0,68
610.0,357
610.0,596
610.0,839
610.0,950
610.0,955
611.0,48
611.0,176
611.0,311
611.0,420
611.0,532
611.0,611
611.0,643
611.0,774
611.0,842
611.0,882
612.0,46
612.0,55
612.0,103
612.0,281
612.0,426
612.0,448
612.0,489
612.0,605
612.0,760
612.0,911
613.0,91
613.0,524
613.0,660
613.0,683
613.0,685
613.0,815
613.0,837
613.0,918
613.0,919
614.0,216
614.0,263
614.0,301
614.0,484
614.0,725
614.0,748
614.0,794
614.0,834
614.0,988
615.0,241
615.0,269
615.0,311
615.0,528
615.0,620
615.0,628
615.0,910
616.0,45
616.0,46
616.0,60
616.0,363
616.0,677
616.0,926
616.0,999
617.0,380
617.0,437
617.0,475
617.0,799
617.0,802
617.0,935
617.0,936
618.0,375
618.0,686
618.0,720
619.0,43
619.0,165
619.0,167
619.0,448
619.0,517
619.0,561
619.0,937
619.0,973
620.0,184
620.0,223
620.0,256
620.0,322
620.0,581
620.0,698
621.0,432
621.0,473
621.0,475
621.0,984
622.0,5
622.0,69
622.0,578
622.0,930
623.0,502
624.0,157
624.0,276
624.0,293
624.0,313
624.0,416
624.0,732
625.0,62
625.0,261
625.0,343
625.0,747
626.0,147
626.0,399
626.0,597
626.0,618
626.0,633
626.0,974
627.0,25
627.0,41
627.0,245
628.0,54
628.0,61
628.0,79
628.0,228
628.0,710
628.0,763
629.0,730
630.0,33
630.0,126
630.0,225
630.0,292
630.0,670
631.0,93
631.0,522
631.0,699
631.0,737
631.0,892
631.0,954
631.0,978
632.0,23
632.0,121
632.0,323
632.0,494
632.0,809
633.0,96
633.0,111
633.0,199
633.0,219
633.0,358
634.0,209
634.0,215
634.0,348
634.0,374
634.0,410
634.0,472
634.0,568
635.0,31
635.0,37
635.0,70
635.0,207
635.0,267
635.0,345
635.0,562
635.0,626
635.0,634
635.0,674
635.0,695
636.0,32
636.0,81
636.0,195
636.0,308
636.0,387
636.0,444
636.0,825
637.0,421
637.0,434
637.0,443
637.0,644
637.0,742
637.0,827
637.0,829
638.0,119
638.0,214
638.0,371
638.0,424
638.0,480
638.0,531
638.0,702
638.0,756
638.0,906
639.0,67
639.0,81
639.0,259
639.0,417
639.0,661
639.0,728
639.0,798
640.0,104
640.0,118
640.0,509
640.0,800
640.0,830
640.0,850
641.0,0
641.0,94
641.0,250
641.0,312
641.0,362
641.0,398
641.0,610
641.0,632
641.0,745
641.0,967
642.0,50
642.0,87
642.0,169
642.0,296
642.0,300
642.0,327
642.0,331
642.0,401
642.0,441
642.0,471
642.0,520
642.0,533
642.0,557
642.0,617
642.0,654
642.0,865
642.0,876
642.0,993
643.0,26
643.0,81
643.0,187
643.0,246
643.0,391
643.0,408
643.0,465
643.0,657
643.0,740
643.0,744
643.0,856
644.0,44
644.0,133
644.0,136
644.0,369
644.0,372
644.0,612
644.0,738
644.0,837
645.0,82
645.0,317
645.0,340
645.0,495
645.0,719
645.0,746
645.0,765
646.0,152
646.0,335
646.0,439
646.0,496
646.0,520
646.0,535
646.0,576
646.0,666
646.0,691
646.0,696
646.0,711
646.0,836
646.0,893
646.0,951
647.0,81
647.0,144
647.0,236
647.0,262
647.0,332
647.0,338
647.0,616
647.0,708
647.0,804
647.0,896
647.0,908
647.0,960
648.0,191
648.0,196
648.0,251
648.0,254
648.0,314
648.0,337
648.0,365
648.0,539
648.0,625
648.0,637
648.0,715
648.0,723
648.0,724
648.0,782
648.0,939
649.0,7
649.0,10
649.0,36
649.0,42
649.0,73
649.0,86
649.0,140
649.0,373
649.0,439
649.0,498
649.0,521
649.0,558
649.0,593
649.0,689
649.0,701
649.0,891
649.0,941
649.0,979
650.0,149
650.0,155
650.0,168
650.0,174
650.0,201
650.0,428
650.0,505
650.0,516
650.0,563
650.0,649
650.0,668
650.0,694
650.0,741
650.0,796
650.0,816
650.0,999
651.0,59
651.0,66
651.0,82
651.0,151
651.0,205
651.0,231
651.0,277
651.0,335
651.0,523
651.0,587
651.0,592
651.0,650
651.0,665
651.0,792
651.0,855
651.0,920
651.0,935
651.0,992
652.0,6
652.0,170
652.0,306
652.0,346
652.0,388
652.0,429
652.0,586
652.0,687
652.0,701
652.0,770
652.0,831
652.0,913
652.0,972
652.0,977
653.0,16
653.0,78
653.0,191
653.0,253
653.0,349
653.0,418
653.0,623
653.0,627
653.0,648
653.0,675
653.0,679
653.0,812
653.0,813
653.0,938
653.0,958
653.0,995
654.0,12
654.0,49
654.0,76
654.0,86
654.0,206
654.0,266
654.0,286
654.0,290
654.0,309
654.0,320
654.0,350
654.0,365
654.0,384
654.0,390
654.0,492
654.0,541
654.0,552
654.0,566
654.0,595
654.0,600
654.0,614
654.0,705
654.0,786
654.0,832
654.0,847
654.0,953
655.0,6
655.0,80
655.0,82
655.0,134
655.0,142
655.0,173
655.0,353
655.0,406
655.0,415
655.0,436
655.0,567
655.0,682
655.0,796
655.0,845
655.0,861
655.0,862
655.0,919
655.0,940
655.0,973
655.0,980
656.0,100
656.0,141
656.0,270
656.0,466
656.0,537
656.0,664
656.0,667
656.0,680
656.0,821
656.0,907
656.0,949
656.0,998
657.0,51
657.0,108
657.0,120
657.0,154
657.0,280
657.0,285
657.0,297
657.0,452
657.0,479
657.0,514
657.0,519
657.0,534
657.0,549
657.0,599
657.0,640
657.0,843
657.0,904
657.0,927
657.0,947
657.0,970
657.0,996
658.0,2
658.0,64
658.0,125
658.0,329
658.0,402
658.0,442
658.0,491
658.0,579
658.0,595
658.0,712
658.0,716
658.0,752
658.0,822
658.0,851
658.0,869
658.0,882
658.0,922
658.0,955
658.0,994
659.0,150
659.0,166
659.0,239
659.0,257
659.0,294
659.0,538
659.0,672
659.0,777
659.0,787
659.0,848
659.0,868
659.0,881
659.0,888
660.0,232
660.0,438
660.0,453
660.0,482
660.0,529
660.0,570
660.0,880
660.0,963
661.0,268
661.0,415
661.0,807
661.0,883
661.0,926
662.0,16
662.0,88
662.0,159
662.0,176
662.0,497
662.0,697
662.0,716
662.0,717
663.0,427
664.0,114
664.0,386
664.0,886
665.0,585
666.0,99
666.0,446
666.0,543
666.0,608
667.0,378
667.0,540
667.0,878
668.0,116
668.0,490
669.0,39
669.0,591
670.0,193
670.0,325
670.0,681
670.0,709
670.0,801
671.0,202
671.0,298
671.0,389
671.0,624
671.0,630
672.0,127
672.0,793
673.0,158
673.0,655
674.0,19
674.0,591
674.0,645
675.0,123
675.0,518
675.0,671
676.0,504
676.0,714
676.0,757
676.0,764
677.0,19
677.0,227
677.0,233
677.0,431
678.0,180
678.0,213
678.0,224
678.0,344
678.0,392
678.0,419
678.0,433
678.0,548
678.0,755
678.0,936
679.0,14
679.0,72
679.0,89
679.0,368
679.0,396
679.0,651
679.0,692
679.0,911
680.0,330
680.0,400
680.0,510
680.0,545
680.0,607
680.0,976
681.0,274
681.0,693
681.0,749
682.0,146
682.0,255
682.0,305
682.0,704
682.0,779
682.0,834
683.0,135
683.0,403
683.0,809
684.0,75
684.0,179
684.0,445
684.0,773
684.0,842
684.0,984
685.0,361
685.0,730
686.0,178
686.0,221
686.0,284
686.0,291
686.0,301
686.0,577
686.0,606
686.0,974
687.0,74
687.0,92
687.0,156
687.0,326
687.0,656
687.0,778
687.0,988
688.0,113
688.0,235
688.0,494
688.0,588
688.0,621
688.0,629
689.0,90
689.0,445
689.0,722
689.0,754
689.0,839
689.0,979
690.0,272
690.0,395
690.0,409
690.0,413
690.0,847
690.0,918
691.0,303
691.0,379
691.0,394
691.0,459
691.0,603
691.0,718
691.0,784
691.0,788
692.0,47
692.0,172
692.0,594
692.0,707
692.0,713
692.0,937
693.0,129
693.0,282
693.0,321
693.0,328
693.0,589
693.0,771
693.0,772
694.0,220
694.0,279
694.0,508
694.0,553
694.0,721
694.0,736
695.0,17
695.0,164
695.0,468
695.0,647
696.0,57
696.0,457
697.0,106
697.0,215
697.0,295
697.0,397
697.0,447
697.0,474
697.0,511
697.0,581
697.0,734
698.0,177
698.0,184
698.0,324
698.0,439
698.0,554
698.0,639
698.0,965
698.0,989
699.0,96
699.0,188
699.0,197
699.0,354
699.0,726
700.0,318
700.0,334
700.0,440
700.0,646
700.0,663
700.0,758
700.0,780
701.0,21
701.0,129
701.0,218
701.0,219
701.0,237
701.0,266
701.0,273
701.0,476
701.0,580
701.0,739
701.0,906
701.0,951
702.0,4
702.0,366
702.0,435
702.0,642
702.0,822
702.0,832
703.0,83
703.0,188
703.0,333
703.0,469
703.0,791
703.0,802
703.0,973
703.0,977
703.0,996
704.0,241
704.0,455
704.0,460
704.0,488
704.0,528
704.0,584
704.0,830
704.0,852
704.0,960
705.0,27
705.0,40
705.0,60
705.0,197
705.0,248
705.0,381
705.0,605
705.0,690
705.0,904
705.0,972
706.0,122
706.0,249
706.0,423
706.0,514
706.0,812
706.0,883
706.0,932
707.0,33
707.0,376
707.0,435
707.0,469
707.0,501
707.0,512
707.0,729
707.0,762
708.0,48
708.0,260
708.0,486
708.0,493
708.0,636
708.0,767
709.0,288
709.0,381
709.0,478
709.0,610
709.0,658
710.0,364
710.0,449
710.0,750
711.0,25
711.0,336
711.0,506
711.0,565
711.0,813
711.0,888
711.0,940
712.0,223
712.0,473
712.0,652
712.0,684
712.0,785
712.0,789
713.0,649
713.0,711
714.0,256
714.0,562
714.0,892
715.0,8
715.0,97
715.0,190
715.0,228
715.0,234
715.0,246
715.0,265
715.0,270
715.0,551
715.0,724
715.0,829
716.0,252
716.0,370
716.0,578
716.0,676
716.0,893
717.0,1
717.0,34
717.0,35
717.0,153
717.0,200
717.0,310
717.0,359
718.0,52
718.0,502
718.0,641
718.0,703
718.0,800
718.0,889
718.0,956
719.0,434
719.0,536
719.0,579
719.0,638
719.0,678
719.0,926
720.0,612
720.0,688
720.0,850
720.0,950
720.0,999
721.0,264
721.0,776
721.0,825
722.0,190
722.0,267
722.0,299
722.0,412
722.0,513
722.0,572
722.0,843
722.0,863
723.0,37
723.0,175
723.0,207
723.0,236
723.0,574
723.0,619
724.0,437
724.0,627
725.0,513
725.0,727
726.0,110
726.0,187
726.0,530
726.0,935
727.0,15
727.0,525
727.0,526
728.0,311
728.0,627
728.0,881
728.0,908
729.0,59
729.0,198
729.0,662
729.0,861
730.0,18
730.0,98
730.0,163
730.0,467
730.0,760
731.0,165
731.0,461
731.0,768
732.0,29
732.0,105
732.0,168
732.0,315
733.0,65
733.0,186
733.0,544
733.0,836
733.0,958
734.0,147
734.0,537
735.0,45
735.0,625
735.0,807
736.0,95
736.0,411
736.0,463
736.0,770
736.0,788
736.0,798
737.0,137
737.0,203
737.0,547
737.0,799
738.0,20
738.0,212
738.0,368
738.0,436
738.0,454
738.0,523
739.0,67
739.0,380
739.0,425
739.0,539
739.0,569
739.0,774
740.0,377
740.0,561
740.0,728
741.0,385
741.0,422
741.0,485
741.0,692
741.0,788
741.0,984
742.0,170
742.0,379
742.0,428
742.0,679
742.0,855
743.0,136
743.0,143
743.0,162
743.0,215
743.0,407
743.0,711
743.0,741
743.0,910
744.0,6
744.0,58
744.0,287
744.0,335
744.0,356
744.0,430
744.0,456
744.0,540
744.0,691
745.0,125
745.0,132
745.0,214
745.0,300
745.0,405
745.0,500
745.0,651
745.0,763
745.0,794
745.0,862
746.0,145
746.0,216
746.0,230
746.0,329
746.0,348
746.0,401
746.0,443
746.0,556
747.0,6
747.0,79
747.0,244
747.0,271
747.0,332
747.0,417
747.0,598
747.0,620
748.0,5
748.0,240
748.0,308
748.0,732
748.0,830
748.0,896
748.0,959
749.0,30
749.0,158
749.0,178
749.0,189
749.0,278
749.0,335
749.0,388
749.0,484
749.0,576
749.0,865
749.0,932
750.0,12
750.0,53
750.0,109
750.0,196
750.0,210
750.0,247
750.0,258
750.0,283
750.0,433
750.0,609
750.0,759
750.0,832
750.0,837
750.0,919
751.0,46
751.0,191
751.0,238
751.0,281
751.0,429
751.0,550
751.0,604
751.0,667
751.0,699
751.0,719
751.0,735
751.0,809
751.0,878
751.0,936
751.0,998
752.0,24
752.0,77
752.0,115
752.0,262
752.0,319
752.0,384
752.0,462
752.0,516
752.0,583
752.0,839
752.0,885
753.0,94
753.0,503
753.0,521
753.0,575
753.0,632
753.0,672
753.0,685
753.0,687
753.0,695
753.0,800
753.0,824
753.0,829
754.0,157
754.0,204
754.0,226
754.0,424
754.0,548
754.0,628
754.0,637
754.0,825
754.0,848
754.0,871
754.0,934
754.0,938
754.0,939
754.0,950
755.0,64
755.0,193
755.0,209
755.0,316
755.0,367
755.0,387
755.0,415
755.0,450
755.0,492
755.0,510
755.0,700
755.0,708
755.0,775
755.0,842
755.0,880
755.0,930
756.0,12
756.0,81
756.0,148
756.0,263
756.0,421
756.0,426
756.0,573
756.0,601
756.0,889
756.0,937
756.0,954
757.0,80
757.0,91
757.0,121
757.0,126
757.0,441
757.0,459
757.0,607
757.0,643
757.0,815
757.0,985
758.0,11
758.0,112
758.0,191
758.0,313
758.0,403
758.0,404
758.0,472
758.0,489
758.0,697
758.0,857
758.0,911
760.0,81
760.0,171
760.0,225
760.0,753
760.0,949
761.0,85
761.0,464
761.0,792
761.0,913
762.0,142
762.0,201
762.0,269
762.0,438
762.0,793
763.0,128
763.0,155
763.0,290
763.0,346
763.0,369
763.0,542
763.0,599
763.0,976
764.0,3
764.0,111
764.0,116
764.0,139
764.0,166
764.0,504
764.0,712
764.0,843
764.0,902
765.0,63
765.0,608
765.0,892
766.0,73
766.0,169
766.0,174
766.0,233
766.0,242
766.0,251
766.0,505
766.0,618
766.0,777
766.0,847
766.0,864
767.0,194
767.0,709
767.0,786
768.0,345
768.0,611
768.0,723
768.0,963
769.0,253
769.0,291
769.0,351
769.0,496
769.0,558
769.0,756
769.0,801
769.0,804
769.0,955
770.0,102
770.0,434
770.0,532
770.0,549
770.0,702
770.0,974
771.0,122
771.0,228
771.0,275
771.0,448
771.0,541
771.0,582
771.0,722
771.0,906
772.0,58
772.0,118
772.0,172
772.0,321
772.0,587
772.0,659
772.0,918
773.0,31
773.0,154
773.0,282
773.0,406
773.0,668
773.0,764
774.0,756
775.0,84
775.0,199
775.0,322
775.0,398
775.0,448
776.0,87
776.0,141
776.0,306
776.0,449
776.0,626
776.0,669
776.0,694
776.0,725
776.0,967
776.0,973
777.0,13
777.0,180
777.0,400
777.0,406
777.0,522
778.0,4
778.0,42
778.0,307
778.0,508
778.0,524
779.0,159
779.0,257
779.0,343
779.0,344
779.0,570
779.0,711
779.0,733
779.0,744
779.0,850
780.0,141
780.0,222
780.0,302
780.0,585
780.0,594
780.0,635
780.0,914
781.0,43
781.0,138
781.0,362
781.0,392
781.0,593
781.0,683
781.0,689
781.0,714
781.0,745
781.0,888
781.0,988
782.0,527
782.0,568
782.0,677
783.0,343
783.0,502
783.0,511
784.0,104
784.0,223
784.0,466
784.0,487
784.0,641
784.0,767
784.0,812
784.0,863
784.0,925
784.0,978
785.0,254
785.0,261
785.0,276
785.0,341
785.0,431
785.0,432
785.0,529
785.0,590
785.0,595
785.0,597
785.0,802
785.0,907
786.0,21
786.0,82
786.0,141
786.0,179
786.0,182
786.0,349
786.0,560
786.0,742
786.0,984
787.0,14
787.0,211
787.0,239
787.0,363
787.0,487
787.0,490
787.0,656
787.0,852
787.0,904
788.0,37
788.0,114
788.0,355
788.0,586
788.0,595
788.0,653
789.0,82
789.0,292
789.0,706
789.0,721
789.0,834
790.0,103
790.0,328
790.0,342
790.0,861
790.0,996
791.0,22
791.0,23
791.0,130
791.0,145
791.0,349
791.0,396
791.0,420
791.0,451
791.0,458
791.0,515
791.0,520
791.0,533
791.0,538
791.0,624
791.0,698
791.0,830
791.0,893
792.0,100
792.0,323
792.0,481
792.0,498
792.0,762
793.0,19
793.0,39
793.0,83
793.0,286
793.0,391
793.0,479
793.0,648
793.0,718
793.0,730
793.0,746
793.0,798
793.0,865
794.0,82
794.0,277
794.0,293
794.0,310
794.0,395
795.0,69
795.0,78
795.0,217
795.0,349
795.0,726
796.0,19
796.0,38
796.0,50
796.0,145
796.0,152
796.0,208
796.0,224
796.0,334
796.0,555
796.0,580
796.0,684
796.0,769
796.0,919
797.0,93
797.0,117
797.0,120
797.0,124
797.0,150
797.0,229
797.0,255
797.0,305
797.0,399
797.0,507
797.0,538
797.0,614
797.0,693
797.0,881
798.0,68
798.0,133
798.0,707
798.0,736
798.0,979
799.0,10
799.0,19
799.0,131
799.0,160
799.0,164
799.0,477
799.0,623
799.0,651
799.0,655
799.0,665
799.0,731
799.0,783
799.0,878
799.0,885
799.0,960
800.0,61
800.0,248
800.0,259
800.0,338
800.0,474
800.0,576
800.0,603
800.0,644
800.0,778
800.0,827
800.0,836
800.0,926
800.0,936
800.0,999
801.0,92
801.0,545
801.0,596
801.0,605
801.0,636
801.0,705
801.0,773
801.0,822
801.0,825
801.0,857
801.0,908
801.0,989
802.0,167
802.0,284
802.0,365
802.0,413
802.0,482
802.0,535
802.0,554
802.0,575
802.0,630
802.0,633
802.0,739
802.0,784
802.0,858
802.0,949
802.0,951
802.0,958
803.0,57
803.0,74
803.0,234
803.0,296
803.0,324
803.0,337
803.0,410
803.0,416
803.0,497
803.0,557
803.0,629
803.0,686
803.0,704
803.0,835
803.0,847
803.0,866
803.0,935
803.0,977
804.0,123
804.0,181
804.0,265
804.0,506
804.0,696
804.0,813
804.0,883
804.0,931
804.0,938
804.0,939
805.0,2
805.0,40
805.0,147
805.0,250
805.0,303
805.0,470
805.0,579
805.0,710
805.0,995
806.0,256
806.0,382
806.0,446
806.0,575
806.0,620
806.0,855
806.0,856
806.0,983
807.0,36
807.0,297
807.0,517
807.0,815
807.0,910
808.0,32
808.0,264
808.0,383
808.0,393
808.0,534
808.0,547
808.0,743
808.0,947
809.0,192
809.0,202
809.0,972
810.0,631
810.0,660
811.0,58
811.0,353
811.0,650
811.0,774
812.0,28
812.0,571
813.0,59
813.0,588
814.0,140
814.0,891
815.0,51
815.0,301
815.0,457
815.0,461
815.0,490
815.0,781
815.0,848
816.0,381
816.0,602
816.0,661
816.0,740
816.0,782
817.0,592
817.0,676
818.0,60
818.0,298
818.0,378
818.0,666
818.0,842
819.0,110
819.0,135
819.0,173
819.0,606
819.0,673
820.0,175
820.0,504
820.0,615
821.0,772
822.0,7
822.0,95
822.0,195
822.0,231
822.0,266
823.0,415
823.0,551
823.0,559
823.0,566
823.0,807
823.0,902
824.0,55
824.0,312
824.0,553
824.0,639
825.0,107
825.0,518
825.0,688
826.0,311
826.0,427
826.0,462
826.0,649
827.0,56
827.0,86
827.0,91
827.0,737
827.0,788
828.0,116
828.0,193
828.0,423
828.0,495
828.0,678
828.0,748
829.0,62
829.0,183
829.0,453
829.0,519
829.0,761
829.0,821
830.0,177
830.0,403
830.0,475
830.0,476
831.0,161
831.0,336
831.0,371
831.0,390
831.0,791
832.0,26
832.0,108
832.0,394
832.0,583
833.0,198
833.0,235
833.0,350
833.0,440
833.0,475
833.0,552
833.0,717
834.0,339
834.0,495
834.0,654
834.0,708
835.0,25
835.0,47
835.0,113
835.0,280
835.0,589
835.0,621
835.0,664
835.0,670
835.0,800
835.0,955
835.0,980
836.0,132
836.0,146
836.0,155
836.0,330
836.0,354
836.0,447
836.0,471
836.0,512
836.0,569
836.0,642
836.0,911
836.0,954
836.0,967
837.0,46
837.0,134
837.0,188
837.0,249
837.0,278
837.0,283
837.0,288
837.0,331
837.0,339
837.0,514
837.0,546
837.0,690
837.0,720
837.0,892
838.0,431
838.0,701
838.0,716
839.0,63
839.0,112
839.0,340
839.0,352
839.0,499
839.0,622
839.0,763
839.0,785
839.0,809
839.0,887
840.0,12
840.0,18
840.0,46
840.0,106
840.0,358
840.0,376
840.0,578
840.0,640
840.0,682
840.0,843
840.0,937
840.0,996
841.0,16
841.0,24
841.0,67
841.0,79
841.0,96
841.0,98
841.0,275
841.0,289
841.0,314
841.0,384
841.0,501
841.0,706
841.0,716
841.0,757
841.0,799
841.0,872
841.0,976
842.0,115
842.0,122
842.0,129
842.0,176
842.0,307
842.0,437
842.0,454
842.0,528
842.0,647
842.0,896
843.0,27
843.0,29
843.0,208
843.0,218
843.0,360
843.0,449
843.0,514
843.0,722
843.0,861
843.0,962
844.0,4
844.0,41
844.0,44
844.0,79
844.0,203
844.0,289
844.0,295
844.0,299
844.0,339
844.0,806
844.0,865
844.0,974
845.0,54
845.0,178
845.0,430
845.0,503
845.0,658
845.0,675
845.0,797
845.0,932
846.0,1
846.0,33
846.0,64
846.0,170
846.0,419
846.0,465
846.0,562
846.0,591
846.0,613
846.0,817
846.0,825
846.0,839
846.0,906
846.0,951
846.0,986
847.0,17
847.0,21
847.0,128
847.0,163
847.0,219
847.0,445
847.0,450
847.0,526
847.0,577
847.0,618
847.0,723
847.0,832
847.0,855
848.0,65
848.0,243
848.0,279
848.0,309
848.0,375
848.0,442
848.0,521
848.0,586
848.0,662
848.0,663
848.0,760
848.0,837
848.0,893
848.0,973
849.0,232
849.0,282
849.0,303
849.0,310
849.0,317
849.0,326
849.0,426
849.0,434
849.0,439
849.0,443
849.0,612
849.0,671
849.0,766
849.0,829
849.0,926
849.0,950
849.0,988
850.0,373
850.0,435
850.0,492
850.0,771
850.0,790
850.0,918
851.0,272
851.0,460
851.0,537
851.0,749
851.0,752
851.0,802
851.0,975
852.0,99
852.0,205
852.0,252
852.0,491
852.0,672
852.0,750
852.0,827
852.0,920
852.0,953
852.0,970
853.0,204
853.0,221
853.0,617
853.0,735
853.0,768
854.0,172
854.0,377
854.0,435
854.0,556
854.0,643
854.0,795
854.0,922
855.0,71
855.0,151
855.0,251
855.0,359
855.0,364
855.0,591
855.0,765
856.0,42
856.0,509
856.0,564
856.0,567
856.0,626
856.0,712
856.0,931
857.0,346
857.0,444
858.0,391
858.0,732
858.0,789
859.0,104
859.0,213
859.0,610
859.0,734
859.0,738
859.0,881
860.0,138
860.0,145
860.0,166
860.0,207
860.0,245
860.0,435
860.0,478
860.0,523
861.0,214
861.0,366
861.0,455
861.0,543
861.0,657
861.0,686
861.0,956
862.0,10
862.0,344
862.0,372
862.0,402
862.0,497
862.0,531
862.0,609
862.0,713
863.0,127
863.0,137
863.0,149
863.0,568
864.0,6
864.0,49
864.0,418
864.0,424
864.0,469
864.0,646
864.0,652
864.0,668
864.0,721
864.0,935
865.0,143
865.0,530
865.0,635
865.0,645
865.0,742
865.0,963
866.0,66
866.0,153
866.0,210
866.0,212
866.0,216
866.0,260
866.0,494
866.0,510
866.0,703
866.0,744
867.0,5
867.0,77
867.0,144
867.0,483
867.0,563
867.0,815
867.0,848
867.0,880
867.0,888
867.0,958
868.0,6
868.0,285
868.0,411
868.0,474
868.0,680
868.0,711
868.0,754
868.0,863
868.0,878
868.0,972
868.0,989
869.0,15
869.0,154
869.0,408
869.0,448
869.0,469
869.0,984
870.0,119
870.0,215
870.0,238
870.0,357
870.0,468
870.0,572
870.0,804
870.0,960
871.0,683
871.0,694
871.0,777
871.0,876
872.0,486
872.0,794
873.0,315
873.0,428
873.0,830
874.0,158
874.0,220
874.0,241
874.0,338
874.0,448
874.0,493
874.0,728
875.0,323
875.0,370
875.0,674
875.0,822
875.0,847
877.0,40
877.0,308
877.0,438
878.0,85
878.0,87
878.0,234
878.0,595
878.0,949
879.0,35
879.0,199
879.0,287
879.0,414
880.0,31
880.0,89
880.0,109
880.0,263
880.0,327
880.0,397
880.0,451
881.0,532
881.0,595
881.0,779
881.0,792
882.0,191
882.0,574
882.0,850
883.0,240
883.0,397
883.0,505
884.0,237
884.0,348
884.0,597
885.0,60
885.0,191
885.0,276
885.0,456
885.0,529
885.0,796
885.0,813
886.0,80
886.0,257
886.0,261
886.0,265
886.0,553
886.0,644
886.0,800
886.0,919
887.0,136
887.0,367
887.0,582
887.0,600
888.0,43
888.0,59
888.0,304
888.0,405
888.0,441
888.0,634
888.0,699
888.0,700
888.0,759
888.0,776
889.0,20
889.0,117
889.0,206
889.0,293
889.0,467
889.0,629
890.0,191
890.0,473
890.0,533
890.0,627
891.0,94
891.0,148
891.0,162
891.0,184
891.0,291
891.0,322
891.0,705
892.0,86
892.0,236
892.0,398
892.0,508
892.0,634
893.0,233
893.0,343
893.0,347
893.0,396
893.0,472
893.0,525
893.0,587
893.0,638
893.0,701
894.0,52
894.0,110
894.0,361
894.0,409
894.0,554
894.0,774
895.0,0
895.0,47
895.0,102
895.0,211
895.0,273
895.0,300
895.0,342
895.0,386
895.0,393
895.0,401
895.0,616
895.0,926
895.0,936
895.0,939
895.0,993
896.0,201
896.0,343
896.0,380
896.0,634
896.0,793
896.0,816
896.0,910
897.0,118
897.0,142
897.0,286
897.0,320
897.0,335
897.0,341
897.0,422
897.0,536
897.0,573
897.0,607
897.0,641
897.0,665
897.0,730
897.0,736
897.0,743
897.0,857
897.0,892
897.0,893
897.0,906
897.0,927
897.0,988
898.0,0
898.0,216
898.0,279
898.0,375
898.0,431
898.0,561
898.0,586
898.0,640
898.0,745
898.0,753
898.0,787
898.0,861
898.0,870
898.0,889
898.0,940
899.0,34
899.0,69
899.0,101
899.0,114
899.0,290
899.0,539
899.0,601
899.0,616
899.0,673
899.0,701
899.0,724
899.0,836
899.0,855
899.0,872
899.0,879
899.0,885
899.0,896
899.0,918
900.0,70
900.0,325
900.0,343
900.0,470
900.0,487
900.0,541
900.0,579
900.0,619
900.0,829
901.0,25
901.0,150
901.0,227
901.0,324
901.0,337
901.0,570
901.0,585
901.0,730
901.0,812
902.0,687
902.0,766
902.0,821
902.0,832
902.0,842
902.0,911
902.0,925
902.0,955
903.0,544
903.0,775
903.0,834
904.0,297
904.0,350
904.0,436
904.0,571
904.0,575
904.0,579
905.0,37
905.0,515
905.0,739
905.0,809
906.0,374
906.0,416
907.0,24
908.0,500
908.0,522
908.0,575
908.0,881
908.0,996
909.0,180
909.0,429
909.0,679
910.0,369
911.0,209
912.0,88
912.0,90
912.0,268
912.0,332
912.0,659
912.0,707
913.0,621
913.0,670
914.0,453
914.0,653
914.0,727
914.0,822
915.0,194
915.0,195
915.0,202
915.0,311
915.0,632
916.0,38
916.0,133
916.0,161
916.0,230
916.0,480
917.0,319
917.0,388
917.0,399
917.0,709
917.0,737
918.0,11
918.0,111
918.0,311
918.0,356
918.0,524
918.0,581
918.0,715
918.0,729
919.0,9
919.0,264
919.0,447
919.0,506
919.0,560
919.0,637
919.0,663
920.0,147
920.0,685
920.0,937
920.0,974
921.0,168
921.0,267
921.0,379
921.0,650
922.0,50
922.0,126
922.0,247
922.0,427
922.0,484
922.0,499
922.0,978
923.0,41
923.0,78
923.0,167
923.0,323
923.0,458
923.0,464
923.0,517
923.0,678
923.0,833
924.0,174
924.0,334
924.0,404
924.0,434
924.0,630
924.0,783
924.0,986
925.0,17
925.0,83
925.0,198
925.0,549
925.0,613
925.0,684
925.0,778
925.0,780
925.0,825
926.0,120
926.0,200
926.0,420
926.0,540
926.0,563
926.0,764
926.0,862
927.0,76
927.0,271
927.0,578
927.0,636
927.0,694
927.0,748
927.0,782
927.0,783
927.0,908
927.0,938
927.0,954
928.0,17
928.0,105
928.0,157
928.0,188
928.0,284
928.0,330
928.0,382
928.0,611
928.0,613
928.0,741
928.0,848
929.0,36
929.0,277
929.0,538
929.0,602
929.0,623
929.0,646
929.0,669
929.0,815
929.0,843
929.0,920
930.0,91
930.0,134
930.0,331
930.0,757
930.0,807
930.0,973
930.0,989
931.0,156
931.0,219
931.0,321
931.0,417
931.0,439
931.0,489
931.0,720
931.0,769
931.0,914
931.0,932
931.0,953
931.0,958
931.0,960
932.0,53
932.0,389
932.0,504
932.0,511
932.0,550
932.0,615
932.0,741
932.0,802
932.0,863
932.0,963
933.0,243
933.0,309
933.0,704
933.0,799
934.0,583
934.0,712
934.0,791
935.0,210
936.0,140
936.0,155
936.0,224
936.0,377
936.0,769
936.0,876
937.0,269
937.0,839
937.0,904
938.0,258
938.0,333
938.0,372
938.0,658
939.0,128
939.0,717
939.0,892
940.0,7
940.0,75
940.0,371
940.0,378
940.0,580
941.0,14
941.0,32
941.0,294
941.0,298
941.0,850
942.0,225
942.0,746
942.0,827
942.0,847
943.0,54
943.0,620
943.0,626
943.0,677
944.0,617
945.0,355
945.0,452
946.0,106
946.0,190
946.0,203
946.0,244
946.0,262
946.0,365
946.0,403
946.0,410
946.0,479
947.0,918
948.0,59
948.0,218
948.0,351
948.0,461
948.0,501
949.0,4
949.0,513
949.0,671
950.0,84
950.0,305
950.0,403
950.0,655
950.0,695
950.0,976
951.0,423
951.0,537
951.0,590
951.0,603
951.0,624
952.0,45
952.0,48
952.0,734
952.0,738
952.0,829
953.0,4
953.0,149
953.0,485
953.0,628
953.0,642
953.0,750
953.0,786
954.0,59
954.0,129
954.0,513
954.0,527
954.0,609
954.0,760
954.0,798
955.0,99
955.0,217
955.0,254
955.0,304
955.0,384
955.0,509
955.0,591
955.0,599
955.0,639
955.0,660
955.0,676
955.0,806
955.0,830
955.0,922
956.0,30
956.0,130
956.0,139
956.0,345
956.0,532
956.0,625
957.0,16
957.0,65
957.0,68
957.0,235
957.0,436
957.0,437
957.0,445
957.0,703
957.0,821
957.0,834
957.0,935
958.0,132
958.0,159
958.0,314
958.0,376
958.0,594
958.0,714
958.0,767
958.0,878
958.0,936
959.0,26
959.0,129
959.0,171
959.0,306
959.0,315
959.0,591
959.0,711
959.0,722
959.0,812
959.0,893
960.0,173
960.0,196
960.0,492
960.0,606
960.0,698
960.0,758
960.0,777
961.0,86
961.0,112
961.0,143
961.0,204
961.0,310
961.0,445
961.0,459
961.0,514
961.0,553
961.0,706
961.0,768
961.0,954
962.0,58
962.0,64
962.0,97
962.0,98
962.0,152
962.0,166
962.0,278
962.0,280
962.0,312
962.0,440
962.0,443
962.0,448
962.0,605
962.0,800
962.0,832
962.0,939
963.0,42
963.0,51
963.0,113
963.0,177
963.0,318
963.0,375
963.0,466
963.0,558
963.0,755
963.0,804
963.0,888
964.0,2
964.0,100
964.0,469
964.0,488
964.0,531
964.0,702
964.0,817
964.0,996
965.0,23
965.0,201
965.0,408
965.0,442
965.0,481
965.0,516
965.0,813
965.0,984
966.0,57
966.0,72
966.0,255
966.0,256
966.0,385
966.0,394
966.0,411
966.0,446
966.0,448
966.0,579
966.0,596
966.0,618
966.0,647
966.0,689
966.0,697
966.0,740
966.0,910
967.0,49
967.0,144
967.0,164
967.0,275
967.0,358
967.0,441
967.0,496
967.0,598
967.0,721
967.0,754
967.0,756
967.0,788
967.0,836
967.0,861
967.0,940
967.0,941
967.0,973
967.0,980
968.0,15
968.0,22
968.0,375
968.0,444
968.0,469
968.0,505
968.0,543
968.0,584
968.0,592
968.0,649
968.0,726
968.0,747
968.0,855
968.0,869
968.0,882
968.0,891
968.0,911
968.0,919
968.0,950
968.0,967
969.0,28
969.0,122
969.0,361
969.0,386
969.0,468
969.0,670
969.0,733
969.0,816
969.0,820
969.0,833
969.0,871
969.0,881
970.0,121
970.0,182
970.0,193
970.0,253
970.0,256
970.0,686
970.0,736
970.0,815
970.0,885
970.0,955
971.0,70
971.0,127
971.0,451
971.0,534
971.0,652
971.0,681
971.0,710
971.0,926
971.0,951
971.0,962
972.0,74
972.0,207
972.0,266
972.0,296
972.0,328
972.0,388
972.0,688
972.0,809
973.0,20
973.0,135
973.0,506
973.0,763
973.0,788
974.0,90
974.0,183
974.0,259
974.0,285
974.0,358
974.0,635
975.0,61
975.0,340
975.0,413
975.0,579
975.0,723
975.0,796
975.0,908
976.0,6
976.0,392
977.0,373
977.0,551
977.0,593
978.0,494
978.0,545
978.0,552
978.0,906
979.0,96
979.0,125
979.0,292
979.0,462
979.0,770
979.0,790
980.0,10
980.0,47
980.0,141
980.0,693
981.0,82
981.0,92
981.0,138
981.0,236
981.0,364
981.0,601
981.0,680
981.0,977
982.0,246
982.0,313
982.0,482
982.0,522
983.0,407
983.0,471
983.0,480
983.0,761
984.0,63
984.0,526
985.0,37
985.0,353
985.0,398
985.0,510
985.0,614
985.0,637
985.0,707
985.0,785
985.0,825
986.0,87
986.0,228
987.0,19
987.0,175
987.0,189
987.0,483
987.0,491
987.0,503
987.0,604
987.0,643
987.0,666
987.0,978
988.0,238
988.0,360
988.0,568
988.0,589
988.0,608
989.0,77
989.0,137
989.0,219
989.0,230
989.0,242
989.0,486
990.0,44
990.0,202
990.0,281
990.0,406
990.0,460
990.0,600
990.0,865
990.0,999
991.0,162
991.0,221
991.0,368
991.0,422
991.0,497
991.0,548
991.0,685
991.0,779
991.0,781
991.0,949
992.0,124
992.0,282
992.0,477
992.0,557
993.0,12
993.0,301
993.0,438
993.0,544
993.0,566
993.0,572
993.0,624
993.0,667
993.0,887
994.0,0
994.0,29
994.0,37
994.0,46
994.0,220
994.0,329
994.0,519
994.0,529
994.0,541
994.0,610
995.0,299
995.0,472
995.0,504
995.0,548
995.0,612
995.0,713
995.0,716
995.0,719
995.0,843
995.0,845
995.0,850
996.0,163
996.0,186
996.0,249
996.0,344
996.0,378
996.0,449
996.0,627
996.0,743
996.0,878
996.0,988
997.0,27
997.0,80
997.0,244
997.0,297
997.0,498
997.0,648
997.0,752
997.0,762
997.0,822
997.0,824
998.0,265
998.0,412
998.0,465
998.0,550
998.0,673
998.0,797
998.0,893
999.0,12
999.0,170
999.0,390
999.0,559
999.0,672
999.0,716
999.0,800
999.0,862
999.0,902
999.0,938
999.0,963
1000.0,89
1000.0,116
1000.0,237
1000.0,239
1000.0,352
1000.0,383
1000.0,401
1000.0,403
1000.0,656
1000.0,731
1000.0,789
1000.0,794
1000.0,842
1000.0,922
1000.0,937
1000.0,958
1000.0,993
